file_idx,n_windows,bpfo_rate,bpfi_rate,bsf_rate,ftf_rate,mean_rms
0,49,0.673469387755102,0.5510204081632653,0.6122448979591837,0.8367346938775511,0.07448549754042615
1,53,0.6981132075471698,0.6037735849056604,0.6792452830188679,0.8679245283018868,0.075630617798513
2,50,0.8,0.72,0.7,0.7,0.07665856969225524
3,52,0.8846153846153846,0.8269230769230769,0.6923076923076923,0.75,0.0802419913613306
4,55,0.8363636363636363,0.7636363636363637,0.5636363636363636,0.8,0.0785152670976919
5,51,0.8431372549019608,0.7843137254901961,0.6666666666666666,0.7450980392156863,0.07813598165854882
6,51,0.8431372549019608,0.803921568627451,0.7450980392156863,0.7254901960784313,0.079951508814255
7,50,0.9,0.72,0.66,0.74,0.07830679534890544
8,57,0.8947368421052632,0.8070175438596491,0.5789473684210527,0.631578947368421,0.08012708097912746
9,49,0.673469387755102,0.5102040816326531,0.673469387755102,0.8367346938775511,0.07754759554403413
10,49,0.8367346938775511,0.7346938775510204,0.673469387755102,0.8571428571428571,0.08005256431009534
11,47,0.8936170212765957,0.851063829787234,0.6382978723404256,0.7446808510638298,0.07907059836211433
12,58,0.8275862068965517,0.8103448275862069,0.7068965517241379,0.8103448275862069,0.07773424681699263
13,44,0.8181818181818182,0.7727272727272727,0.5909090909090909,0.7272727272727273,0.08208250120685723
14,52,0.8269230769230769,0.7884615384615384,0.7115384615384616,0.75,0.07948816335450296
15,43,0.8604651162790697,0.7441860465116279,0.627906976744186,0.8604651162790697,0.08023309508154179
16,43,0.8372093023255814,0.7674418604651163,0.6976744186046512,0.6511627906976745,0.08023945366510273
17,42,0.7857142857142857,0.6904761904761905,0.5476190476190477,0.7857142857142857,0.0801503978717731
18,46,0.8695652173913043,0.8043478260869565,0.6086956521739131,0.7391304347826086,0.07910227793291698
19,46,0.782608695652174,0.6739130434782609,0.6304347826086957,0.6956521739130435,0.08109002956727314
20,50,0.88,0.72,0.62,0.74,0.08018896699263443
21,46,0.8913043478260869,0.8260869565217391,0.5652173913043478,0.6956521739130435,0.08135429111946096
22,49,0.8367346938775511,0.7755102040816326,0.5714285714285714,0.6938775510204082,0.07963134402884858
23,47,0.8085106382978723,0.6595744680851063,0.7021276595744681,0.7446808510638298,0.08111542798899347
24,51,0.8431372549019608,0.7450980392156863,0.7450980392156863,0.8627450980392157,0.08020074763997011
25,47,0.851063829787234,0.7872340425531915,0.7021276595744681,0.8297872340425532,0.07921318476621747
26,53,0.8301886792452831,0.7169811320754716,0.660377358490566,0.7735849056603774,0.07864529730136392
27,49,0.8571428571428571,0.7959183673469388,0.673469387755102,0.7959183673469388,0.07880363049787802
28,56,0.7857142857142857,0.6607142857142857,0.6785714285714286,0.7857142857142857,0.07908185994667286
29,50,0.9,0.8,0.62,0.76,0.07997033704576992
30,37,0.8918918918918919,0.7837837837837838,0.5405405405405406,0.7027027027027027,0.08184316764381142
31,49,0.8979591836734694,0.7959183673469388,0.7346938775510204,0.7959183673469388,0.08042298391232952
32,46,0.9565217391304348,0.7608695652173914,0.5217391304347826,0.6739130434782609,0.07833060767748812
33,45,0.8444444444444444,0.7111111111111111,0.6,0.7777777777777778,0.08033468790279558
34,51,0.8431372549019608,0.7647058823529411,0.7058823529411765,0.8431372549019608,0.07981129751098277
35,44,0.9090909090909091,0.8636363636363636,0.5681818181818182,0.7954545454545454,0.07909592337692607
36,50,0.78,0.62,0.72,0.8,0.0780755771952369
37,52,0.8653846153846154,0.6730769230769231,0.6923076923076923,0.8461538461538461,0.08107433659646081
38,50,0.88,0.78,0.52,0.66,0.07867954443462381
39,49,0.7959183673469388,0.7142857142857143,0.6530612244897959,0.7755102040816326,0.07966071091156543
40,43,0.9069767441860465,0.8372093023255814,0.627906976744186,0.7906976744186046,0.07856040417795769
41,49,0.8979591836734694,0.7755102040816326,0.7346938775510204,0.7755102040816326,0.07932496680811582
42,53,0.8867924528301887,0.7735849056603774,0.6792452830188679,0.8113207547169812,0.0786369237112228
43,50,0.88,0.78,0.78,0.64,0.0797152608065778
44,49,0.8571428571428571,0.6938775510204082,0.6326530612244898,0.673469387755102,0.07827722894279242
45,46,0.8478260869565217,0.8043478260869565,0.6086956521739131,0.7391304347826086,0.07766760956281828
46,48,0.8958333333333334,0.8125,0.7708333333333334,0.75,0.08012668221131802
47,50,0.92,0.86,0.72,0.78,0.07846923007817817
48,55,0.8727272727272727,0.8181818181818182,0.6909090909090909,0.8,0.07819131834223558
49,47,0.9148936170212766,0.8085106382978723,0.5106382978723404,0.6170212765957447,0.07845364407199786
50,56,0.875,0.8214285714285714,0.6785714285714286,0.75,0.07923486250012117
51,50,0.94,0.82,0.56,0.74,0.0800037200889177
52,58,0.8448275862068966,0.7758620689655172,0.7068965517241379,0.7586206896551724,0.07946199202101918
53,47,0.8297872340425532,0.723404255319149,0.5957446808510638,0.6595744680851063,0.07857998234878272
54,51,0.9411764705882353,0.803921568627451,0.5882352941176471,0.6078431372549019,0.07751740421285774
55,48,0.9166666666666666,0.8333333333333334,0.6458333333333334,0.5833333333333334,0.07947955185786032
56,55,0.8727272727272727,0.8181818181818182,0.5636363636363636,0.6727272727272727,0.07755868975731302
57,46,0.9130434782608695,0.7608695652173914,0.5869565217391305,0.8478260869565217,0.07853315465095989
58,55,0.8727272727272727,0.6909090909090909,0.6545454545454545,0.8363636363636363,0.07631692439840355
59,52,0.8653846153846154,0.7307692307692307,0.6923076923076923,0.7884615384615384,0.07945893817487154
60,53,0.8867924528301887,0.8301886792452831,0.6981132075471698,0.7735849056603774,0.0794469521764895
61,51,0.8431372549019608,0.7450980392156863,0.7647058823529411,0.6274509803921569,0.07793100240154474
62,51,0.8431372549019608,0.7058823529411765,0.6666666666666666,0.7647058823529411,0.08215988181957119
63,50,0.9,0.82,0.62,0.66,0.07739381469497086
64,48,0.8333333333333334,0.7291666666666666,0.625,0.75,0.07871927378006958
65,59,0.8813559322033898,0.711864406779661,0.5932203389830508,0.711864406779661,0.0771396321500749
66,49,0.8571428571428571,0.673469387755102,0.5714285714285714,0.673469387755102,0.07901559022763698
67,52,0.8269230769230769,0.8076923076923077,0.6923076923076923,0.7115384615384616,0.07752642277301677
68,44,0.7954545454545454,0.7045454545454546,0.7272727272727273,0.6590909090909091,0.07869888392349926
69,54,0.8148148148148148,0.7592592592592593,0.6851851851851852,0.7037037037037037,0.07746200964014502
70,51,0.8431372549019608,0.7647058823529411,0.6666666666666666,0.6078431372549019,0.07701122027287574
71,53,0.8867924528301887,0.7547169811320755,0.7735849056603774,0.8490566037735849,0.07714429047258123
72,53,0.8679245283018868,0.8113207547169812,0.5094339622641509,0.7735849056603774,0.07849383551667001
73,50,0.92,0.8,0.62,0.7,0.07905872000434648
74,49,0.7755102040816326,0.7142857142857143,0.5714285714285714,0.7346938775510204,0.0800306267930176
75,46,0.8478260869565217,0.717391304347826,0.782608695652174,0.717391304347826,0.07851113597890247
76,47,0.8723404255319149,0.7446808510638298,0.8297872340425532,0.7659574468085106,0.07817892446872071
77,54,0.9074074074074074,0.7777777777777778,0.5740740740740741,0.6481481481481481,0.07864894811452772
78,49,0.8571428571428571,0.8163265306122449,0.5306122448979592,0.6938775510204082,0.07782905526008405
79,49,0.8571428571428571,0.7346938775510204,0.6938775510204082,0.7959183673469388,0.07884555888987821
80,49,0.8367346938775511,0.6530612244897959,0.6326530612244898,0.7551020408163265,0.07837962032416583
81,46,0.8695652173913043,0.8043478260869565,0.5652173913043478,0.7391304347826086,0.07553648700905606
82,47,0.9361702127659575,0.851063829787234,0.5957446808510638,0.7659574468085106,0.07898881458778276
83,49,0.8163265306122449,0.6530612244897959,0.673469387755102,0.7551020408163265,0.07877365201845271
84,51,0.8627450980392157,0.7843137254901961,0.7843137254901961,0.7058823529411765,0.07908558283055966
85,54,0.7962962962962963,0.7407407407407407,0.6851851851851852,0.7592592592592593,0.07864197465290766
86,61,0.9016393442622951,0.8524590163934426,0.6557377049180327,0.5901639344262295,0.07708817970177494
87,52,0.8846153846153846,0.8461538461538461,0.7115384615384616,0.6153846153846154,0.0762048253479527
88,54,0.8518518518518519,0.7777777777777778,0.6666666666666666,0.7962962962962963,0.07872363251887256
89,52,0.9038461538461539,0.8076923076923077,0.7115384615384616,0.8076923076923077,0.0792492969840884
90,55,0.8727272727272727,0.8,0.6909090909090909,0.6909090909090909,0.07874332713063688
91,45,0.8444444444444444,0.8,0.6888888888888889,0.7777777777777778,0.07729435648255198
92,53,0.9056603773584906,0.7547169811320755,0.7547169811320755,0.7358490566037735,0.07770416767268647
93,54,0.8518518518518519,0.7962962962962963,0.6111111111111112,0.6296296296296297,0.07573293826239372
94,51,0.9215686274509803,0.803921568627451,0.6666666666666666,0.803921568627451,0.07922778734976066
95,47,0.8085106382978723,0.6595744680851063,0.5531914893617021,0.7872340425531915,0.07887387406549247
96,40,0.875,0.825,0.725,0.625,0.08039953486140354
97,46,0.782608695652174,0.6739130434782609,0.6304347826086957,0.782608695652174,0.0769420228307485
98,57,0.8245614035087719,0.7368421052631579,0.7368421052631579,0.6842105263157895,0.07845803519191329
99,51,0.9411764705882353,0.7843137254901961,0.6078431372549019,0.6666666666666666,0.07626094125881344
100,51,0.9607843137254902,0.9411764705882353,0.7254901960784313,0.7254901960784313,0.07910111171912362
101,53,0.8679245283018868,0.8113207547169812,0.7169811320754716,0.7735849056603774,0.07697441713173592
102,49,0.8979591836734694,0.7346938775510204,0.6326530612244898,0.8163265306122449,0.07757861967986877
103,53,0.8113207547169812,0.7358490566037735,0.6981132075471698,0.7358490566037735,0.07757273850139658
104,42,0.9523809523809523,0.7857142857142857,0.5238095238095238,0.6904761904761905,0.07950596498003344
105,52,0.8076923076923077,0.6730769230769231,0.5576923076923077,0.7884615384615384,0.07800711128705738
106,52,0.8076923076923077,0.7115384615384616,0.6538461538461539,0.8461538461538461,0.07831222127284844
107,52,0.8269230769230769,0.6153846153846154,0.6538461538461539,0.7307692307692307,0.07717892664602402
108,45,0.8666666666666667,0.7111111111111111,0.6,0.8222222222222222,0.07644100215817709
109,49,0.8775510204081632,0.8163265306122449,0.5918367346938775,0.7346938775510204,0.0786114764978019
110,50,0.92,0.8,0.64,0.8,0.07809711525959882
111,45,0.8222222222222222,0.7333333333333333,0.6444444444444445,0.7333333333333333,0.07716879039882177
112,51,0.8627450980392157,0.7647058823529411,0.7647058823529411,0.7843137254901961,0.07876119428431343
113,51,0.8431372549019608,0.7254901960784313,0.6666666666666666,0.6862745098039216,0.07825981567500759
114,51,0.8627450980392157,0.7254901960784313,0.5294117647058824,0.6470588235294118,0.0780387687760203
115,53,0.9245283018867925,0.8113207547169812,0.6792452830188679,0.660377358490566,0.0758700058468336
116,57,0.8947368421052632,0.7894736842105263,0.7017543859649122,0.6140350877192983,0.07953213915553388
117,56,0.8392857142857143,0.75,0.7857142857142857,0.7142857142857143,0.07839645687729595
118,47,0.8723404255319149,0.7021276595744681,0.5957446808510638,0.7446808510638298,0.07878387040402625
119,52,0.7884615384615384,0.75,0.5769230769230769,0.7115384615384616,0.07892809861347366
120,52,0.8461538461538461,0.6730769230769231,0.6153846153846154,0.8653846153846154,0.07727342530845142
121,50,0.84,0.72,0.62,0.8,0.0797174632261623
122,49,0.7959183673469388,0.7346938775510204,0.7346938775510204,0.7755102040816326,0.07818287996299497
123,44,0.8636363636363636,0.7045454545454546,0.6363636363636364,0.6363636363636364,0.08073849188559558
124,55,1.0,0.8,0.7454545454545455,0.6,0.07759263131505553
125,44,0.8409090909090909,0.7045454545454546,0.6363636363636364,0.7727272727272727,0.07918415622433526
126,51,0.8627450980392157,0.7647058823529411,0.6078431372549019,0.8235294117647058,0.07673797381346266
127,41,0.8048780487804879,0.7560975609756098,0.6097560975609756,0.6341463414634146,0.07779847652713155
128,55,0.8181818181818182,0.7454545454545455,0.6727272727272727,0.7272727272727273,0.07692063927124447
129,48,0.8958333333333334,0.8125,0.5208333333333334,0.6666666666666666,0.07599992758237215
130,57,0.8947368421052632,0.8421052631578947,0.6491228070175439,0.7543859649122807,0.07570418628352168
131,44,0.8863636363636364,0.7045454545454546,0.5909090909090909,0.7954545454545454,0.07845999210688603
132,49,0.8979591836734694,0.8163265306122449,0.6326530612244898,0.7551020408163265,0.07732618650455496
133,49,0.8571428571428571,0.7551020408163265,0.7551020408163265,0.8775510204081632,0.07825068429932731
134,50,0.96,0.88,0.6,0.74,0.0789367730722703
135,50,0.92,0.7,0.74,0.84,0.07947373997358304
136,51,0.8431372549019608,0.7254901960784313,0.6078431372549019,0.8627450980392157,0.07874543020033872
137,51,0.803921568627451,0.6862745098039216,0.6470588235294118,0.6862745098039216,0.07797079018210622
138,51,0.8431372549019608,0.7058823529411765,0.5882352941176471,0.8235294117647058,0.07948912259487131
139,50,0.76,0.56,0.58,0.78,0.07590866159552788
140,48,0.7708333333333334,0.6875,0.6458333333333334,0.7708333333333334,0.07828544840149772
141,52,0.8461538461538461,0.7884615384615384,0.5961538461538461,0.7307692307692307,0.07855327093595856
142,42,0.8095238095238095,0.6666666666666666,0.5952380952380952,0.8095238095238095,0.07793451447000886
143,53,0.8490566037735849,0.7547169811320755,0.6981132075471698,0.6415094339622641,0.07700008005147929
144,50,0.88,0.7,0.6,0.66,0.07658802136501125
145,54,0.8148148148148148,0.6296296296296297,0.6111111111111112,0.7592592592592593,0.07674909240969154
146,46,0.7391304347826086,0.6739130434782609,0.6521739130434783,0.6086956521739131,0.07744412117963485
147,48,0.8541666666666666,0.75,0.6875,0.7708333333333334,0.07609167657021106
148,51,0.8823529411764706,0.7647058823529411,0.6862745098039216,0.7647058823529411,0.07734341875104413
149,51,0.8627450980392157,0.7647058823529411,0.7058823529411765,0.7647058823529411,0.07830744116289498
150,45,0.7555555555555555,0.6666666666666666,0.5555555555555556,0.8,0.07679923201808553
151,47,0.8936170212765957,0.7659574468085106,0.7021276595744681,0.7021276595744681,0.0802779388429552
152,51,0.803921568627451,0.6470588235294118,0.6274509803921569,0.8431372549019608,0.0779783016532074
153,55,0.9090909090909091,0.8181818181818182,0.6545454545454545,0.7090909090909091,0.07708652869088965
154,52,0.9038461538461539,0.8076923076923077,0.6153846153846154,0.7115384615384616,0.07777407498928116
155,50,0.92,0.8,0.7,0.8,0.07805177160879605
156,49,0.8775510204081632,0.7346938775510204,0.6938775510204082,0.7346938775510204,0.07983489712107078
157,52,0.8653846153846154,0.8076923076923077,0.5576923076923077,0.7307692307692307,0.08014149300353113
158,46,0.8478260869565217,0.782608695652174,0.5217391304347826,0.6956521739130435,0.07829483332381175
159,51,0.7843137254901961,0.7254901960784313,0.7058823529411765,0.803921568627451,0.07852210279174414
160,39,0.9487179487179487,0.8717948717948718,0.717948717948718,0.6666666666666666,0.07834164201643176
161,57,0.8771929824561403,0.7192982456140351,0.6491228070175439,0.8245614035087719,0.07940853599846155
162,42,0.8571428571428571,0.6904761904761905,0.6428571428571429,0.7619047619047619,0.07830360449088225
163,50,0.84,0.78,0.5,0.88,0.07830495415726074
164,51,0.8823529411764706,0.7843137254901961,0.6078431372549019,0.8235294117647058,0.07699134798587132
165,50,0.96,0.88,0.62,0.74,0.07901843999108504
166,46,0.8043478260869565,0.7391304347826086,0.5652173913043478,0.7608695652173914,0.0789371848017162
167,55,0.7818181818181819,0.6727272727272727,0.6909090909090909,0.8545454545454545,0.07763827062840382
168,52,0.8269230769230769,0.7884615384615384,0.5961538461538461,0.7692307692307693,0.07848120383197445
169,53,0.8679245283018868,0.8301886792452831,0.660377358490566,0.6981132075471698,0.07810009353915259
170,47,0.8297872340425532,0.6382978723404256,0.574468085106383,0.8085106382978723,0.07773605957937586
171,50,0.9,0.74,0.64,0.72,0.07914093328123585
172,51,0.8627450980392157,0.7450980392156863,0.49019607843137253,0.7647058823529411,0.0773619380903029
173,49,0.7755102040816326,0.7755102040816326,0.7346938775510204,0.8367346938775511,0.07650776076570698
174,50,0.86,0.78,0.52,0.78,0.07807971900350945
175,57,0.8596491228070176,0.7368421052631579,0.7368421052631579,0.7894736842105263,0.07584412101917085
176,48,0.8541666666666666,0.7916666666666666,0.5833333333333334,0.7708333333333334,0.07962139621401486
177,52,0.9230769230769231,0.8461538461538461,0.6923076923076923,0.7692307692307693,0.07652535840409128
178,50,0.92,0.84,0.54,0.58,0.07696850483202429
179,52,0.9038461538461539,0.8461538461538461,0.6923076923076923,0.6923076923076923,0.0777329538777219
180,44,0.7954545454545454,0.6818181818181818,0.6363636363636364,0.7272727272727273,0.0782292972323596
181,51,0.8431372549019608,0.7058823529411765,0.7058823529411765,0.7843137254901961,0.07757638379245507
182,53,0.9245283018867925,0.8113207547169812,0.8301886792452831,0.8113207547169812,0.07592787327259898
183,48,0.9166666666666666,0.7708333333333334,0.5,0.8125,0.07874416556368087
184,44,0.8636363636363636,0.7954545454545454,0.5909090909090909,0.7727272727272727,0.07788632856254996
185,51,0.8823529411764706,0.7647058823529411,0.45098039215686275,0.6470588235294118,0.07849804487674562
186,56,0.875,0.8035714285714286,0.6428571428571429,0.7142857142857143,0.07704048704834324
187,46,0.7608695652173914,0.6304347826086957,0.6521739130434783,0.7391304347826086,0.08046785367396925
188,52,0.8269230769230769,0.6923076923076923,0.6153846153846154,0.7307692307692307,0.0764567783374159
189,53,0.8679245283018868,0.8490566037735849,0.7169811320754716,0.7358490566037735,0.07871025159469063
190,52,0.8461538461538461,0.75,0.7115384615384616,0.6538461538461539,0.0762564548912747
191,49,0.7551020408163265,0.673469387755102,0.6530612244897959,0.7346938775510204,0.0805592176410255
192,52,0.8076923076923077,0.7884615384615384,0.5769230769230769,0.7307692307692307,0.07794430948757601
193,47,0.8723404255319149,0.8297872340425532,0.5957446808510638,0.7659574468085106,0.0790059477923408
194,52,0.9423076923076923,0.8461538461538461,0.6538461538461539,0.6153846153846154,0.07950816018354728
195,49,0.9387755102040817,0.7959183673469388,0.5918367346938775,0.7959183673469388,0.07885899428034725
196,48,0.8958333333333334,0.7916666666666666,0.7083333333333334,0.8125,0.07716092873853203
197,56,0.9107142857142857,0.7678571428571429,0.5535714285714286,0.75,0.07660974463328642
198,52,0.8653846153846154,0.8076923076923077,0.6153846153846154,0.7884615384615384,0.0774526759745271
199,54,0.9074074074074074,0.7777777777777778,0.6851851851851852,0.7592592592592593,0.07753164171836684
200,51,0.9215686274509803,0.7843137254901961,0.6862745098039216,0.7450980392156863,0.07936858066117554
201,45,0.8,0.6666666666666666,0.5777777777777777,0.7777777777777778,0.07793066549247354
202,49,0.8979591836734694,0.7346938775510204,0.673469387755102,0.6938775510204082,0.0779148452390939
203,48,0.8958333333333334,0.75,0.625,0.75,0.07895699445285648
204,50,0.86,0.8,0.62,0.8,0.0766215425450103
205,52,0.8653846153846154,0.6923076923076923,0.6730769230769231,0.6923076923076923,0.07642241474695687
206,52,0.8269230769230769,0.75,0.6538461538461539,0.7692307692307693,0.07682422081101364
207,46,0.8478260869565217,0.7608695652173914,0.6739130434782609,0.7391304347826086,0.07897167640354137
208,51,0.8823529411764706,0.7843137254901961,0.6470588235294118,0.7254901960784313,0.07848211535148335
209,52,0.8653846153846154,0.75,0.6153846153846154,0.8076923076923077,0.07697221203532914
210,45,0.8,0.6444444444444445,0.7111111111111111,0.8222222222222222,0.07704235568723625
211,49,0.8163265306122449,0.7959183673469388,0.6122448979591837,0.6530612244897959,0.0793123407123136
212,58,0.896551724137931,0.8275862068965517,0.6206896551724138,0.6724137931034483,0.07755537640522651
213,50,0.86,0.72,0.64,0.74,0.07687361423973654
214,52,0.8461538461538461,0.6538461538461539,0.6538461538461539,0.75,0.08051810411057311
215,45,0.8222222222222222,0.7555555555555555,0.6,0.7555555555555555,0.07832848797216238
216,46,0.8913043478260869,0.6956521739130435,0.5869565217391305,0.782608695652174,0.07875819954061548
217,58,0.8620689655172413,0.8103448275862069,0.6896551724137931,0.8103448275862069,0.07747609843834745
218,47,0.8936170212765957,0.7659574468085106,0.5319148936170213,0.723404255319149,0.07915052289612069
219,45,0.8888888888888888,0.8444444444444444,0.7111111111111111,0.8222222222222222,0.07990206474434249
220,45,0.9333333333333333,0.8444444444444444,0.4444444444444444,0.6222222222222222,0.07964996805816836
221,53,0.8679245283018868,0.7924528301886793,0.5471698113207547,0.6226415094339622,0.07775086563453085
222,47,0.9574468085106383,0.8723404255319149,0.723404255319149,0.7021276595744681,0.07726543532067652
223,49,0.8979591836734694,0.7346938775510204,0.8367346938775511,0.673469387755102,0.07876777677426063
224,45,0.9555555555555556,0.9111111111111111,0.6888888888888889,0.6444444444444445,0.07989003350170577
225,51,0.8431372549019608,0.8431372549019608,0.5098039215686274,0.803921568627451,0.07907522019048242
226,57,0.8947368421052632,0.7894736842105263,0.6842105263157895,0.6666666666666666,0.07649669454281477
227,52,0.9038461538461539,0.75,0.5769230769230769,0.6538461538461539,0.0783710034540168
228,48,0.8125,0.7708333333333334,0.6041666666666666,0.75,0.07895596883429667
229,48,0.7708333333333334,0.6041666666666666,0.7083333333333334,0.6875,0.07897552357031788
230,53,0.8867924528301887,0.8113207547169812,0.5849056603773585,0.7547169811320755,0.07762476082381174
231,47,0.8936170212765957,0.7872340425531915,0.574468085106383,0.7872340425531915,0.07845337743720206
232,52,0.8653846153846154,0.75,0.5769230769230769,0.7884615384615384,0.07647623096481065
233,51,0.9019607843137255,0.7843137254901961,0.6274509803921569,0.7450980392156863,0.07878841331546906
234,47,0.8723404255319149,0.7446808510638298,0.7021276595744681,0.8723404255319149,0.07725681331476873
235,50,0.84,0.76,0.6,0.86,0.07933891753041453
236,51,0.9215686274509803,0.7058823529411765,0.5294117647058824,0.803921568627451,0.07848256167113617
237,48,0.7916666666666666,0.75,0.625,0.7708333333333334,0.08092943891450488
238,52,0.9038461538461539,0.8269230769230769,0.7692307692307693,0.6923076923076923,0.07801031091058411
239,51,0.9215686274509803,0.8431372549019608,0.6274509803921569,0.6666666666666666,0.07835409799053912
240,52,0.8846153846153846,0.7692307692307693,0.7307692307692307,0.7115384615384616,0.07889984924077129
241,51,0.8823529411764706,0.8235294117647058,0.7058823529411765,0.7058823529411765,0.07696081997799215
242,47,0.8723404255319149,0.851063829787234,0.7021276595744681,0.723404255319149,0.07754405044294957
243,49,0.7755102040816326,0.6326530612244898,0.5918367346938775,0.8367346938775511,0.07663145517095006
244,48,0.875,0.7083333333333334,0.5833333333333334,0.7708333333333334,0.07790186892004641
245,50,0.9,0.78,0.5,0.78,0.07916881648755467
246,55,0.7454545454545455,0.6363636363636364,0.6,0.8,0.07659348700171362
247,46,0.8478260869565217,0.6956521739130435,0.6739130434782609,0.782608695652174,0.07827623033194256
248,55,0.8909090909090909,0.7090909090909091,0.6363636363636364,0.8727272727272727,0.0763024554514963
249,47,0.9787234042553191,0.8723404255319149,0.6382978723404256,0.723404255319149,0.07748520179857914
250,51,0.8235294117647058,0.6666666666666666,0.6862745098039216,0.8431372549019608,0.07628765905822296
251,49,0.8571428571428571,0.7142857142857143,0.6122448979591837,0.7959183673469388,0.07653337558707965
252,51,0.9215686274509803,0.7058823529411765,0.6470588235294118,0.7647058823529411,0.08008843505261785
253,49,0.8979591836734694,0.7346938775510204,0.6122448979591837,0.7551020408163265,0.07711294464684779
254,48,0.8333333333333334,0.75,0.75,0.75,0.07757782592938532
255,52,0.8461538461538461,0.7692307692307693,0.5384615384615384,0.7884615384615384,0.07780212213877645
256,53,0.7735849056603774,0.6792452830188679,0.6981132075471698,0.6792452830188679,0.07708286199446189
257,53,0.8679245283018868,0.7358490566037735,0.660377358490566,0.7735849056603774,0.07775471434572977
258,49,0.9387755102040817,0.8571428571428571,0.6326530612244898,0.673469387755102,0.07711414904843132
259,43,0.8372093023255814,0.7674418604651163,0.7906976744186046,0.813953488372093,0.08015727012602546
260,48,0.8125,0.6458333333333334,0.7083333333333334,0.8333333333333334,0.0785874053977176
261,51,0.8823529411764706,0.7450980392156863,0.6666666666666666,0.7254901960784313,0.07826033316069203
262,48,0.8333333333333334,0.6875,0.7083333333333334,0.8333333333333334,0.07823490300631554
263,52,0.8653846153846154,0.7884615384615384,0.6153846153846154,0.7307692307692307,0.07639935511839692
264,51,0.7647058823529411,0.6666666666666666,0.6470588235294118,0.7843137254901961,0.07751008773488505
265,50,0.9,0.72,0.54,0.62,0.07954214719159006
266,39,0.8205128205128205,0.6923076923076923,0.5897435897435898,0.6666666666666666,0.08009641944470124
267,55,0.9090909090909091,0.8363636363636363,0.7090909090909091,0.7636363636363637,0.07799185271078618
268,47,0.8936170212765957,0.7021276595744681,0.46808510638297873,0.6808510638297872,0.07902841537078173
269,54,0.9259259259259259,0.8148148148148148,0.7407407407407407,0.6296296296296297,0.07676039958066101
270,53,0.8679245283018868,0.6981132075471698,0.4716981132075472,0.8113207547169812,0.07745448881558137
271,49,0.8979591836734694,0.7959183673469388,0.6938775510204082,0.5918367346938775,0.07825774421325486
272,58,0.8448275862068966,0.7413793103448276,0.5172413793103449,0.7068965517241379,0.07942891270146368
273,42,0.8095238095238095,0.6904761904761905,0.5952380952380952,0.8571428571428571,0.07802515295250408
274,48,0.8541666666666666,0.7708333333333334,0.6875,0.7708333333333334,0.08003840705318539
275,52,0.9230769230769231,0.8461538461538461,0.7307692307692307,0.6923076923076923,0.07901624198585958
276,48,0.9166666666666666,0.8541666666666666,0.625,0.6041666666666666,0.08123392676145792
277,48,0.8125,0.7083333333333334,0.5833333333333334,0.6458333333333334,0.07762945571890757
278,47,0.8297872340425532,0.7021276595744681,0.574468085106383,0.7659574468085106,0.07995484646815008
279,53,0.9056603773584906,0.6792452830188679,0.6226415094339622,0.7358490566037735,0.0764801593794446
280,54,0.9259259259259259,0.7777777777777778,0.6666666666666666,0.7777777777777778,0.07914972450407311
281,51,0.8823529411764706,0.8431372549019608,0.6666666666666666,0.6666666666666666,0.07795916490173273
282,48,0.9791666666666666,0.8333333333333334,0.6041666666666666,0.7083333333333334,0.07856278290671821
283,50,0.8,0.74,0.6,0.8,0.07925807756763148
284,47,0.8936170212765957,0.7872340425531915,0.6595744680851063,0.6595744680851063,0.07901234899319633
285,54,0.7962962962962963,0.6481481481481481,0.7407407407407407,0.7962962962962963,0.0771396222308635
286,45,0.8666666666666667,0.7111111111111111,0.8,0.8,0.07848093977338039
287,52,0.8846153846153846,0.7692307692307693,0.5192307692307693,0.6730769230769231,0.07739025285297917
288,53,0.8679245283018868,0.7358490566037735,0.7924528301886793,0.6792452830188679,0.0777025065847118
289,50,0.92,0.8,0.58,0.66,0.07765294040421736
290,45,0.7333333333333333,0.7111111111111111,0.5111111111111111,0.7555555555555555,0.07868895744888657
291,50,0.92,0.76,0.68,0.74,0.07805031501904441
292,51,0.9215686274509803,0.8627450980392157,0.7450980392156863,0.7843137254901961,0.07903993092410018
293,52,0.8461538461538461,0.7884615384615384,0.6346153846153846,0.6730769230769231,0.0779814214719119
294,52,0.8653846153846154,0.7307692307692307,0.5769230769230769,0.75,0.07867158236055175
295,49,0.8979591836734694,0.7755102040816326,0.5306122448979592,0.8163265306122449,0.07761503147962324
296,50,0.92,0.86,0.76,0.78,0.07990588691832222
297,51,0.9215686274509803,0.6470588235294118,0.6078431372549019,0.6862745098039216,0.07845471213555821
298,51,0.8823529411764706,0.7254901960784313,0.6862745098039216,0.7843137254901961,0.07724011174762367
299,48,0.8333333333333334,0.7083333333333334,0.625,0.7708333333333334,0.07908423472748768
300,52,0.9423076923076923,0.7884615384615384,0.6538461538461539,0.7692307692307693,0.08045704946877981
301,54,0.7962962962962963,0.7407407407407407,0.6111111111111112,0.7962962962962963,0.07641723343862064
302,55,0.8181818181818182,0.7818181818181819,0.8181818181818182,0.8363636363636363,0.07757951807425059
303,48,0.8541666666666666,0.6875,0.625,0.7291666666666666,0.07748423990167365
304,48,0.8125,0.7083333333333334,0.5208333333333334,0.7916666666666666,0.07931782732348079
305,52,0.8846153846153846,0.8269230769230769,0.6153846153846154,0.9230769230769231,0.07794474559343202
306,54,0.8888888888888888,0.8333333333333334,0.6296296296296297,0.7592592592592593,0.07870301077120899
307,48,0.875,0.7708333333333334,0.6875,0.6875,0.0781528098831665
308,56,0.9107142857142857,0.7857142857142857,0.6964285714285714,0.8035714285714286,0.07658357908671509
309,51,0.8627450980392157,0.7450980392156863,0.6470588235294118,0.7843137254901961,0.0792395329600597
310,53,0.9433962264150944,0.8113207547169812,0.6415094339622641,0.7169811320754716,0.0789097337830648
311,53,0.9433962264150944,0.8113207547169812,0.6415094339622641,0.7735849056603774,0.08001579888787856
312,52,0.9038461538461539,0.8076923076923077,0.6153846153846154,0.7692307692307693,0.07773682295713077
313,56,0.8571428571428571,0.7678571428571429,0.6785714285714286,0.7321428571428571,0.07838788126187422
314,48,0.7708333333333334,0.7083333333333334,0.625,0.875,0.07851813774607196
315,46,0.782608695652174,0.717391304347826,0.5652173913043478,0.782608695652174,0.07903262566866755
316,54,0.9259259259259259,0.8148148148148148,0.7037037037037037,0.7777777777777778,0.07953471812652645
317,47,0.9148936170212766,0.7446808510638298,0.5319148936170213,0.6808510638297872,0.07797388300217398
318,55,0.7636363636363637,0.6727272727272727,0.6,0.8181818181818182,0.07772895317006917
319,48,0.7708333333333334,0.6875,0.5,0.7291666666666666,0.07832826969173738
320,51,0.9215686274509803,0.8431372549019608,0.7254901960784313,0.7647058823529411,0.0794054683824912
321,48,0.9583333333333334,0.8125,0.5416666666666666,0.7291666666666666,0.0799776830060354
322,47,0.8723404255319149,0.7446808510638298,0.7021276595744681,0.8085106382978723,0.07719896788089467
323,51,0.8235294117647058,0.7450980392156863,0.7254901960784313,0.5882352941176471,0.0789713846366876
324,61,0.8032786885245902,0.7213114754098361,0.6229508196721312,0.7213114754098361,0.0775275668156373
325,47,0.8723404255319149,0.8297872340425532,0.6170212765957447,0.6808510638297872,0.07864403305714204
326,48,0.8541666666666666,0.7708333333333334,0.6458333333333334,0.75,0.07935963132932368
327,46,0.7608695652173914,0.717391304347826,0.5652173913043478,0.717391304347826,0.07734433847649642
328,50,0.9,0.78,0.74,0.7,0.07811328935322433
329,48,0.8958333333333334,0.7708333333333334,0.5833333333333334,0.7083333333333334,0.07942347546037629
330,41,0.8536585365853658,0.8048780487804879,0.6341463414634146,0.6585365853658537,0.0792555931685068
331,52,0.8846153846153846,0.7307692307692307,0.6730769230769231,0.7884615384615384,0.07706139237355464
332,52,0.7115384615384616,0.5961538461538461,0.5192307692307693,0.8461538461538461,0.07665611885641933
333,51,0.9019607843137255,0.7647058823529411,0.5490196078431373,0.803921568627451,0.07574046883687914
334,61,0.8852459016393442,0.7868852459016393,0.639344262295082,0.8360655737704918,0.07670302858556677
335,45,0.9111111111111111,0.8444444444444444,0.7555555555555555,0.7555555555555555,0.07952002719221414
336,42,0.8809523809523809,0.8333333333333334,0.7857142857142857,0.7380952380952381,0.07743251463542562
337,46,0.9130434782608695,0.8695652173913043,0.4782608695652174,0.7608695652173914,0.08076525380895151
338,48,0.8958333333333334,0.7291666666666666,0.7083333333333334,0.6666666666666666,0.07991830001805468
339,55,0.8909090909090909,0.8363636363636363,0.6909090909090909,0.6909090909090909,0.07910305104291739
340,53,0.9622641509433962,0.8679245283018868,0.7358490566037735,0.7924528301886793,0.07852527751285764
341,49,0.8571428571428571,0.7551020408163265,0.7755102040816326,0.7346938775510204,0.0775514764023738
342,56,0.9464285714285714,0.875,0.6607142857142857,0.6428571428571429,0.07827888647822125
343,53,0.9245283018867925,0.7735849056603774,0.7358490566037735,0.7924528301886793,0.07733843514393927
344,54,0.8888888888888888,0.8888888888888888,0.7222222222222222,0.7037037037037037,0.07790496315146872
345,52,0.8269230769230769,0.7692307692307693,0.6730769230769231,0.6923076923076923,0.07941066896870051
346,46,0.8695652173913043,0.717391304347826,0.6739130434782609,0.7391304347826086,0.07764478969634844
347,47,0.9361702127659575,0.8723404255319149,0.7021276595744681,0.723404255319149,0.08060533715258784
348,43,0.9302325581395349,0.8604651162790697,0.6046511627906976,0.6511627906976745,0.07900049530047315
349,54,0.8333333333333334,0.7592592592592593,0.8518518518518519,0.6481481481481481,0.07737555629711075
350,56,0.9285714285714286,0.8392857142857143,0.625,0.7321428571428571,0.07629268467683856
351,54,0.8333333333333334,0.6851851851851852,0.6296296296296297,0.7037037037037037,0.07678329187057921
352,50,0.86,0.82,0.66,0.72,0.07879374621945416
353,46,0.7391304347826086,0.6739130434782609,0.5869565217391305,0.7391304347826086,0.07772487938107717
354,47,0.9148936170212766,0.7659574468085106,0.7872340425531915,0.7021276595744681,0.07880513812702244
355,46,0.8260869565217391,0.782608695652174,0.6521739130434783,0.8260869565217391,0.07754214933552811
356,48,0.9166666666666666,0.875,0.7083333333333334,0.6875,0.07998579517951454
357,48,0.8333333333333334,0.7708333333333334,0.5625,0.7916666666666666,0.07903896104037343
358,50,0.84,0.78,0.64,0.72,0.07706053121775817
359,46,0.9782608695652174,0.9782608695652174,0.717391304347826,0.6956521739130435,0.07930477291538289
360,55,0.7818181818181819,0.7272727272727273,0.509090909090909,0.7090909090909091,0.07677974008207843
361,50,0.88,0.88,0.6,0.6,0.07682178020592045
362,50,0.96,0.86,0.72,0.7,0.07801095588755771
363,49,0.8979591836734694,0.7551020408163265,0.6326530612244898,0.8367346938775511,0.07923343885051534
364,46,0.9130434782608695,0.8913043478260869,0.717391304347826,0.6956521739130435,0.07970881359891178
365,48,0.8125,0.7291666666666666,0.6875,0.8125,0.0775000747497471
366,48,0.8958333333333334,0.8541666666666666,0.8125,0.7291666666666666,0.07843496676001246
367,50,0.84,0.76,0.74,0.76,0.07928851033965371
368,48,0.8958333333333334,0.8125,0.6458333333333334,0.7083333333333334,0.07802401802574192
369,50,0.98,0.84,0.58,0.62,0.07990659040995839
370,54,0.8333333333333334,0.7962962962962963,0.6666666666666666,0.6851851851851852,0.07653420688340938
371,52,0.8653846153846154,0.75,0.6923076923076923,0.6538461538461539,0.07593078648821383
372,44,0.8636363636363636,0.7045454545454546,0.5909090909090909,0.7954545454545454,0.07791551821810089
373,47,0.8723404255319149,0.7021276595744681,0.574468085106383,0.7872340425531915,0.07959699120928375
374,56,0.8571428571428571,0.7321428571428571,0.625,0.6964285714285714,0.0789377933952453
375,51,0.7647058823529411,0.6274509803921569,0.6862745098039216,0.7254901960784313,0.07684563815739205
376,51,0.8627450980392157,0.8235294117647058,0.7058823529411765,0.6666666666666666,0.08035811909413021
377,52,0.8846153846153846,0.7884615384615384,0.5384615384615384,0.75,0.07785932730896736
378,55,0.9090909090909091,0.8727272727272727,0.6545454545454545,0.6727272727272727,0.0783837559301373
379,53,0.8490566037735849,0.7358490566037735,0.7358490566037735,0.8113207547169812,0.07653778704842858
380,47,0.9361702127659575,0.9148936170212766,0.5106382978723404,0.7446808510638298,0.08052098607586464
381,50,0.92,0.78,0.66,0.88,0.07753282384622509
382,47,0.851063829787234,0.8085106382978723,0.6595744680851063,0.6595744680851063,0.07919418133959948
383,41,0.9024390243902439,0.8536585365853658,0.7317073170731707,0.6585365853658537,0.07867983446226473
384,49,0.8367346938775511,0.7755102040816326,0.6530612244897959,0.673469387755102,0.07633407995425533
385,47,0.9787234042553191,0.8297872340425532,0.6808510638297872,0.723404255319149,0.0785965695045907
386,51,0.9215686274509803,0.803921568627451,0.7254901960784313,0.7450980392156863,0.07720769349372865
387,50,0.92,0.86,0.62,0.68,0.07708440868031645
388,51,0.803921568627451,0.7450980392156863,0.5882352941176471,0.7254901960784313,0.0752832348961034
389,47,0.8723404255319149,0.7446808510638298,0.7021276595744681,0.7021276595744681,0.07956692925340002
390,53,0.8679245283018868,0.7735849056603774,0.7547169811320755,0.7169811320754716,0.07821889820128676
391,50,0.92,0.88,0.62,0.74,0.0803084898481357
392,50,0.88,0.76,0.72,0.82,0.07822109351428534
393,50,0.9,0.84,0.6,0.8,0.07993211322460664
394,49,0.8775510204081632,0.7551020408163265,0.7346938775510204,0.7551020408163265,0.07913701448062048
395,52,0.8653846153846154,0.7692307692307693,0.6730769230769231,0.75,0.07867835817723597
396,54,0.8333333333333334,0.8148148148148148,0.6111111111111112,0.7222222222222222,0.07712569459799949
397,47,0.9148936170212766,0.8085106382978723,0.7021276595744681,0.723404255319149,0.08041280174872871
398,59,0.847457627118644,0.6949152542372882,0.6610169491525424,0.7457627118644068,0.07417474484746685
399,53,0.9056603773584906,0.7547169811320755,0.5283018867924528,0.8301886792452831,0.0787941537433788
400,51,0.9411764705882353,0.8627450980392157,0.7254901960784313,0.7254901960784313,0.0778919562677043
401,49,0.8163265306122449,0.7959183673469388,0.8163265306122449,0.6938775510204082,0.07731691944029626
402,50,0.96,0.84,0.64,0.72,0.0773583927990263
403,51,0.9215686274509803,0.7450980392156863,0.6666666666666666,0.7843137254901961,0.07485561298832136
404,48,0.9375,0.875,0.6458333333333334,0.6458333333333334,0.0783465848708545
405,55,0.8727272727272727,0.7454545454545455,0.5818181818181818,0.7454545454545455,0.07743934999957151
406,51,0.8431372549019608,0.7450980392156863,0.6666666666666666,0.7647058823529411,0.07738596385808666
407,51,0.8235294117647058,0.7058823529411765,0.6666666666666666,0.7647058823529411,0.07745977406298858
408,53,0.8113207547169812,0.7547169811320755,0.660377358490566,0.7169811320754716,0.07683187075755946
409,49,0.8367346938775511,0.7959183673469388,0.6326530612244898,0.7346938775510204,0.07707721881204034
410,59,0.8813559322033898,0.8135593220338984,0.7288135593220338,0.6779661016949152,0.07766072237706878
411,45,0.8888888888888888,0.7333333333333333,0.7333333333333333,0.6666666666666666,0.07975174705027784
412,49,0.8367346938775511,0.7755102040816326,0.5918367346938775,0.7142857142857143,0.07739935448237696
413,46,0.9130434782608695,0.7608695652173914,0.5652173913043478,0.782608695652174,0.07790407053722026
414,50,0.96,0.88,0.6,0.72,0.07843303520109346
415,50,0.84,0.78,0.5,0.7,0.07861774681027206
416,56,0.9107142857142857,0.7678571428571429,0.5892857142857143,0.625,0.07813512997471055
417,46,0.8478260869565217,0.717391304347826,0.6521739130434783,0.7608695652173914,0.07886090482423429
418,51,0.9019607843137255,0.7647058823529411,0.6666666666666666,0.803921568627451,0.07754097228151287
419,50,0.84,0.7,0.66,0.74,0.0777778692630862
420,51,0.9019607843137255,0.7254901960784313,0.6470588235294118,0.6470588235294118,0.07764691221177979
421,49,0.9387755102040817,0.8979591836734694,0.4489795918367347,0.7551020408163265,0.08020302724111791
422,52,0.8653846153846154,0.8076923076923077,0.7307692307692307,0.6923076923076923,0.07731735832022582
423,49,0.9183673469387755,0.8979591836734694,0.6530612244897959,0.7346938775510204,0.07822351615662877
424,48,0.8541666666666666,0.7708333333333334,0.6666666666666666,0.7291666666666666,0.07743947852010481
425,55,0.9090909090909091,0.8727272727272727,0.6,0.6909090909090909,0.07834590824712674
426,53,0.8113207547169812,0.7735849056603774,0.5471698113207547,0.6981132075471698,0.07881134601285776
427,45,0.7777777777777778,0.7111111111111111,0.6888888888888889,0.7777777777777778,0.07723523659261033
428,42,0.9761904761904762,0.8333333333333334,0.6666666666666666,0.5476190476190477,0.0789537149671861
429,53,0.8301886792452831,0.6792452830188679,0.6415094339622641,0.8301886792452831,0.07685205037708334
430,54,0.8518518518518519,0.8148148148148148,0.6851851851851852,0.7777777777777778,0.07774237667660121
431,52,0.8076923076923077,0.75,0.5576923076923077,0.75,0.077810954912366
432,46,0.8695652173913043,0.8260869565217391,0.6304347826086957,0.717391304347826,0.07918095048474813
433,59,0.8813559322033898,0.7796610169491526,0.711864406779661,0.7796610169491526,0.07730402262324598
434,48,0.9375,0.8541666666666666,0.6041666666666666,0.75,0.08013425992490811
435,52,0.8846153846153846,0.75,0.6346153846153846,0.8461538461538461,0.07821394064514711
436,41,0.7317073170731707,0.6097560975609756,0.6829268292682927,0.8780487804878049,0.07935084344308865
437,50,0.82,0.74,0.72,0.72,0.07805165201145711
438,50,0.84,0.8,0.64,0.7,0.07958562345869963
439,49,0.8979591836734694,0.8367346938775511,0.5510204081632653,0.6122448979591837,0.07915281229302895
440,49,0.9387755102040817,0.8163265306122449,0.6530612244897959,0.7142857142857143,0.07951234085692642
441,49,0.9183673469387755,0.8163265306122449,0.7346938775510204,0.7959183673469388,0.07816030902130225
442,50,0.98,0.8,0.72,0.7,0.07782893593152475
443,49,0.9387755102040817,0.8163265306122449,0.5918367346938775,0.6326530612244898,0.07753230205820262
444,44,0.8636363636363636,0.8636363636363636,0.6136363636363636,0.7954545454545454,0.07926243214881865
445,52,0.8269230769230769,0.6730769230769231,0.7692307692307693,0.7307692307692307,0.079236671002142
446,50,0.86,0.78,0.7,0.66,0.07939737027060564
447,44,0.8863636363636364,0.8409090909090909,0.5681818181818182,0.7727272727272727,0.08002168926054183
448,48,0.6875,0.6041666666666666,0.5833333333333334,0.7708333333333334,0.0763578861713235
449,51,0.8431372549019608,0.7450980392156863,0.6666666666666666,0.5882352941176471,0.07733849801981234
450,48,0.7708333333333334,0.7083333333333334,0.6041666666666666,0.8541666666666666,0.07783402542921068
451,43,0.8604651162790697,0.7674418604651163,0.6046511627906976,0.6976744186046512,0.08036572586117063
452,48,0.875,0.6875,0.5416666666666666,0.7708333333333334,0.07836298833461265
453,44,0.8636363636363636,0.8181818181818182,0.5681818181818182,0.7272727272727273,0.07980726899852475
454,52,0.8653846153846154,0.8461538461538461,0.6923076923076923,0.7884615384615384,0.07922936083738841
455,50,0.78,0.74,0.62,0.74,0.07915918498055795
456,47,0.8936170212765957,0.7659574468085106,0.6382978723404256,0.7659574468085106,0.07822322171381202
457,50,0.86,0.68,0.62,0.8,0.07888830230160124
458,44,0.9090909090909091,0.8409090909090909,0.6136363636363636,0.5909090909090909,0.07998114009865497
459,51,0.9019607843137255,0.7647058823529411,0.6666666666666666,0.8431372549019608,0.0801712260715004
460,50,0.92,0.88,0.78,0.68,0.0796488082477432
461,49,0.8367346938775511,0.7346938775510204,0.5714285714285714,0.7346938775510204,0.08070790176217511
462,51,0.8627450980392157,0.803921568627451,0.7058823529411765,0.7843137254901961,0.0801345599332512
463,46,0.8695652173913043,0.7608695652173914,0.8478260869565217,0.6086956521739131,0.07907724309849935
464,53,0.8301886792452831,0.7735849056603774,0.660377358490566,0.7358490566037735,0.07720098436460793
465,42,0.9047619047619048,0.8809523809523809,0.6190476190476191,0.7142857142857143,0.07837504117041319
466,51,0.9411764705882353,0.803921568627451,0.6666666666666666,0.6666666666666666,0.07790376709147401
467,52,0.8846153846153846,0.7884615384615384,0.6730769230769231,0.8269230769230769,0.07741937324224582
468,51,0.8823529411764706,0.8431372549019608,0.6274509803921569,0.7058823529411765,0.079251371495085
469,44,0.8863636363636364,0.8181818181818182,0.6818181818181818,0.6818181818181818,0.07734676096576056
470,48,0.8541666666666666,0.7083333333333334,0.6875,0.7708333333333334,0.07736036570524935
471,48,0.8541666666666666,0.8541666666666666,0.625,0.7083333333333334,0.07899048419566845
472,56,0.8928571428571429,0.8392857142857143,0.6607142857142857,0.6428571428571429,0.07893699640513703
473,49,0.8571428571428571,0.7959183673469388,0.7142857142857143,0.7959183673469388,0.07603885977652672
474,54,0.9259259259259259,0.7777777777777778,0.6296296296296297,0.8148148148148148,0.0798157632076603
475,48,0.8541666666666666,0.7708333333333334,0.5833333333333334,0.7916666666666666,0.07926141445459482
476,51,0.9019607843137255,0.8235294117647058,0.8235294117647058,0.6470588235294118,0.07728669111846113
477,49,0.8979591836734694,0.7959183673469388,0.5714285714285714,0.7959183673469388,0.07827008235006114
478,52,0.9230769230769231,0.7884615384615384,0.7115384615384616,0.5961538461538461,0.0776738657809944
479,49,0.8775510204081632,0.6938775510204082,0.6530612244897959,0.6530612244897959,0.07978662225282869
480,55,0.8363636363636363,0.7818181818181819,0.6181818181818182,0.6363636363636364,0.07665654290668171
481,51,0.9019607843137255,0.7450980392156863,0.6470588235294118,0.5686274509803921,0.07845563149071473
482,53,0.8301886792452831,0.7735849056603774,0.7358490566037735,0.660377358490566,0.0780102817534034
483,50,0.9,0.82,0.66,0.72,0.07661405948518707
484,51,0.803921568627451,0.803921568627451,0.6862745098039216,0.8431372549019608,0.0770844903723507
485,51,0.8823529411764706,0.7058823529411765,0.5882352941176471,0.7843137254901961,0.07734824848387434
486,52,0.8269230769230769,0.6538461538461539,0.5576923076923077,0.7115384615384616,0.07752074546139813
487,51,0.9019607843137255,0.803921568627451,0.6078431372549019,0.803921568627451,0.07740424175118624
488,46,0.8260869565217391,0.717391304347826,0.6304347826086957,0.782608695652174,0.08109559845591184
489,51,0.8235294117647058,0.7450980392156863,0.803921568627451,0.7058823529411765,0.07638545091529853
490,49,0.7551020408163265,0.673469387755102,0.6122448979591837,0.7142857142857143,0.07548820284613537
491,52,0.9423076923076923,0.8653846153846154,0.6923076923076923,0.5961538461538461,0.07815696048858495
492,49,0.8979591836734694,0.7142857142857143,0.673469387755102,0.7755102040816326,0.08015836909169409
493,47,0.9148936170212766,0.8723404255319149,0.6595744680851063,0.6808510638297872,0.07922300782715809
494,50,0.86,0.76,0.7,0.78,0.07669308360857106
495,56,0.8928571428571429,0.7142857142857143,0.6964285714285714,0.8392857142857143,0.07770264402239338
496,49,0.8367346938775511,0.673469387755102,0.5714285714285714,0.7346938775510204,0.0784461417434866
497,53,1.0,0.8113207547169812,0.660377358490566,0.6981132075471698,0.07919465276494314
498,45,0.8666666666666667,0.7555555555555555,0.5333333333333333,0.7555555555555555,0.07895169805519325
499,54,0.8518518518518519,0.7592592592592593,0.6481481481481481,0.7222222222222222,0.07748241418376081
500,46,0.8695652173913043,0.7608695652173914,0.6304347826086957,0.6956521739130435,0.07869388751990247
501,45,0.9111111111111111,0.8,0.6222222222222222,0.6666666666666666,0.07895617447823049
502,46,0.8260869565217391,0.6739130434782609,0.5217391304347826,0.7608695652173914,0.07971118913288343
503,49,0.8775510204081632,0.7959183673469388,0.7142857142857143,0.7755102040816326,0.07890531524054646
504,43,0.9069767441860465,0.813953488372093,0.5813953488372093,0.8372093023255814,0.08159429449544897
505,56,0.9107142857142857,0.8571428571428571,0.6785714285714286,0.6607142857142857,0.07813801186246515
506,47,0.8723404255319149,0.8085106382978723,0.5106382978723404,0.723404255319149,0.07963834678569338
507,58,0.8620689655172413,0.6724137931034483,0.6896551724137931,0.7413793103448276,0.07964188863294422
508,42,0.8333333333333334,0.7619047619047619,0.40476190476190477,0.8809523809523809,0.080680185980074
509,53,0.9056603773584906,0.8301886792452831,0.660377358490566,0.8301886792452831,0.07950067915631204
510,50,0.82,0.78,0.54,0.7,0.07949665885833071
511,49,0.8571428571428571,0.8163265306122449,0.6530612244897959,0.7551020408163265,0.0781827003694623
512,45,0.9111111111111111,0.8,0.8222222222222222,0.6888888888888889,0.08420047224081373
513,52,0.9230769230769231,0.8461538461538461,0.5576923076923077,0.7307692307692307,0.07741325136031835
514,43,0.8604651162790697,0.7441860465116279,0.627906976744186,0.7674418604651163,0.08094502220673101
515,45,0.9333333333333333,0.8666666666666667,0.6888888888888889,0.6666666666666666,0.07806932294776987
516,46,0.8695652173913043,0.782608695652174,0.5434782608695652,0.5652173913043478,0.08051526608705921
517,53,0.8867924528301887,0.7358490566037735,0.5849056603773585,0.7547169811320755,0.07785284922152465
518,52,0.8076923076923077,0.6730769230769231,0.7115384615384616,0.7307692307692307,0.07599426950444935
519,46,0.9130434782608695,0.8695652173913043,0.6086956521739131,0.717391304347826,0.0793755822914408
520,47,0.8723404255319149,0.723404255319149,0.5531914893617021,0.7021276595744681,0.0808045816232402
521,42,0.7619047619047619,0.7142857142857143,0.6190476190476191,0.6904761904761905,0.07733068719309215
522,49,0.9183673469387755,0.8163265306122449,0.6326530612244898,0.7551020408163265,0.07930003709199071
523,48,0.875,0.8125,0.5833333333333334,0.625,0.08138946235660437
524,44,0.9090909090909091,0.8409090909090909,0.6590909090909091,0.5681818181818182,0.0815606920210298
525,48,0.9166666666666666,0.8541666666666666,0.5625,0.6875,0.08276382248973978
526,49,0.8775510204081632,0.8163265306122449,0.6530612244897959,0.7142857142857143,0.07910750625692405
527,45,0.8666666666666667,0.7555555555555555,0.6444444444444445,0.6444444444444445,0.07960338586895026
528,49,0.8163265306122449,0.7551020408163265,0.5510204081632653,0.7755102040816326,0.07921747417366333
529,50,0.9,0.8,0.6,0.8,0.07956801391164238
530,59,0.9830508474576272,0.9322033898305084,0.6271186440677966,0.6949152542372882,0.08004133858946838
531,49,0.8367346938775511,0.8367346938775511,0.6326530612244898,0.673469387755102,0.07797939583162987
532,50,0.96,0.9,0.64,0.74,0.0828900850897216
533,48,0.9791666666666666,0.9583333333333334,0.6666666666666666,0.6666666666666666,0.08541502177589255
534,54,0.9629629629629629,0.8888888888888888,0.7222222222222222,0.6666666666666666,0.08526147942867951
535,51,0.9019607843137255,0.9019607843137255,0.49019607843137253,0.5490196078431373,0.0845075819268524
536,50,0.94,0.88,0.68,0.58,0.08344784256895713
537,47,0.8297872340425532,0.8297872340425532,0.6170212765957447,0.6382978723404256,0.0860638214755993
538,48,0.875,0.8958333333333334,0.6666666666666666,0.6875,0.08725783248061347
539,54,0.9074074074074074,0.8888888888888888,0.7407407407407407,0.5185185185185185,0.0861488278770489
540,52,0.9615384615384616,0.9423076923076923,0.6153846153846154,0.5961538461538461,0.08318908188287708
541,56,0.8928571428571429,0.875,0.6428571428571429,0.5357142857142857,0.0843429060158518
542,51,0.9803921568627451,0.9411764705882353,0.6078431372549019,0.6274509803921569,0.08441821740741669
543,52,0.9423076923076923,0.8461538461538461,0.7307692307692307,0.5961538461538461,0.08642825792623696
544,51,1.0,0.9607843137254902,0.6862745098039216,0.6470588235294118,0.08473774992695186
545,50,0.96,0.96,0.66,0.68,0.08742608814942306
546,54,0.9629629629629629,0.9074074074074074,0.5740740740740741,0.6666666666666666,0.08464769280336608
547,51,0.9607843137254902,0.9215686274509803,0.7254901960784313,0.5882352941176471,0.08614787523925801
548,48,0.9791666666666666,0.9166666666666666,0.5416666666666666,0.6666666666666666,0.08795036281245239
549,55,1.0,0.9272727272727272,0.6,0.5454545454545454,0.0879902000406366
550,48,1.0,0.9791666666666666,0.6458333333333334,0.6875,0.08877433946063275
551,48,0.9583333333333334,0.9166666666666666,0.625,0.75,0.08703842482884812
552,48,0.9791666666666666,0.9791666666666666,0.5416666666666666,0.625,0.08680739849721718
553,51,0.9803921568627451,0.9019607843137255,0.6862745098039216,0.5882352941176471,0.0879687697793813
554,48,1.0,0.9375,0.6875,0.5833333333333334,0.08873126119154341
555,53,0.9811320754716981,0.9622641509433962,0.6981132075471698,0.6226415094339622,0.08833561703295176
556,53,0.9433962264150944,0.9433962264150944,0.7547169811320755,0.6226415094339622,0.08668666889054638
557,54,1.0,0.9814814814814815,0.8703703703703703,0.6111111111111112,0.0906950384422275
558,52,0.9038461538461539,0.8846153846153846,0.6730769230769231,0.6538461538461539,0.08638116587189189
559,52,1.0,0.9423076923076923,0.7884615384615384,0.6346153846153846,0.08843457328728663
560,55,0.9454545454545454,0.9272727272727272,0.6,0.6545454545454545,0.08910043332074309
561,47,0.9787234042553191,0.9148936170212766,0.7446808510638298,0.6808510638297872,0.08856022207731297
562,53,1.0,0.9811320754716981,0.6226415094339622,0.5471698113207547,0.0882095380957036
563,54,0.9629629629629629,0.9444444444444444,0.6296296296296297,0.5555555555555556,0.08951095605475777
564,50,0.98,0.94,0.74,0.64,0.08630166594936187
565,55,0.9818181818181818,0.9454545454545454,0.6545454545454545,0.509090909090909,0.08953893444760784
566,55,0.9636363636363636,0.9818181818181818,0.7090909090909091,0.6363636363636364,0.08854801136111726
567,56,0.9464285714285714,0.9464285714285714,0.6964285714285714,0.5357142857142857,0.0873287028684523
568,52,0.9615384615384616,0.9615384615384616,0.46153846153846156,0.6923076923076923,0.0882931714264836
569,52,0.9615384615384616,0.9423076923076923,0.6538461538461539,0.5576923076923077,0.08916126500041631
570,53,0.9622641509433962,0.9433962264150944,0.6792452830188679,0.5849056603773585,0.08968936637625549
571,54,1.0,0.9814814814814815,0.6481481481481481,0.5370370370370371,0.09069212341018934
572,56,0.9821428571428571,0.9464285714285714,0.6071428571428571,0.6071428571428571,0.08853072367544497
573,54,0.9444444444444444,0.9444444444444444,0.7592592592592593,0.48148148148148145,0.08825219821432378
574,52,1.0,0.9807692307692307,0.6153846153846154,0.5769230769230769,0.09103912118334892
575,48,1.0,1.0,0.5833333333333334,0.625,0.09028896456380664
576,55,0.9454545454545454,0.9272727272727272,0.6545454545454545,0.5454545454545454,0.0891319534779251
577,53,0.9811320754716981,0.9622641509433962,0.6226415094339622,0.5660377358490566,0.08925092143448057
578,53,0.9811320754716981,0.9811320754716981,0.5283018867924528,0.5283018867924528,0.09082257314416727
579,55,0.9818181818181818,0.9636363636363636,0.6909090909090909,0.5636363636363636,0.09118092181388264
580,54,1.0,0.9629629629629629,0.6296296296296297,0.6666666666666666,0.0907494940384517
581,50,1.0,0.94,0.66,0.76,0.09249702526483547
582,50,1.0,0.94,0.7,0.62,0.0910043049490976
583,51,0.9803921568627451,0.9607843137254902,0.49019607843137253,0.6666666666666666,0.09295112650641331
584,53,0.9811320754716981,0.9622641509433962,0.5849056603773585,0.6792452830188679,0.08968349577705167
585,51,1.0,0.9803921568627451,0.6274509803921569,0.5098039215686274,0.09006487740110514
586,52,0.9807692307692307,0.9423076923076923,0.5769230769230769,0.6730769230769231,0.09131191148847083
587,48,0.9583333333333334,0.9375,0.7083333333333334,0.5416666666666666,0.09295249672077262
588,50,0.94,0.92,0.66,0.64,0.09074481311346659
589,54,0.9814814814814815,0.9444444444444444,0.6481481481481481,0.5740740740740741,0.09244467034939889
590,51,1.0,1.0,0.6274509803921569,0.7450980392156863,0.09181199220588629
591,51,0.9607843137254902,0.9607843137254902,0.7254901960784313,0.6274509803921569,0.09053800770535407
592,49,0.9387755102040817,0.9183673469387755,0.5918367346938775,0.7755102040816326,0.09013333365410309
593,54,0.9444444444444444,0.9444444444444444,0.7407407407407407,0.7222222222222222,0.09134460891233338
594,57,0.9473684210526315,0.9473684210526315,0.6666666666666666,0.7192982456140351,0.09233230431295218
595,50,0.96,0.98,0.64,0.72,0.09148328515817744
596,49,0.9795918367346939,0.9591836734693877,0.6530612244897959,0.6326530612244898,0.09291607949749915
597,51,0.9411764705882353,0.9411764705882353,0.6666666666666666,0.5882352941176471,0.09275363179805793
598,52,0.9807692307692307,0.9038461538461539,0.5384615384615384,0.5769230769230769,0.09058388386290665
599,54,0.9814814814814815,0.9259259259259259,0.6296296296296297,0.6111111111111112,0.0911540961700644
600,52,1.0,1.0,0.6923076923076923,0.5769230769230769,0.0922233939104369
601,54,1.0,1.0,0.5185185185185185,0.6111111111111112,0.09488945653911383
602,54,0.9629629629629629,0.9629629629629629,0.5740740740740741,0.6666666666666666,0.0922201867429029
603,57,0.9824561403508771,0.9473684210526315,0.7017543859649122,0.543859649122807,0.09293922443887151
604,58,0.9827586206896551,0.9827586206896551,0.6379310344827587,0.6551724137931034,0.09278830008282647
605,50,0.96,0.88,0.64,0.64,0.09480021623903707
606,50,1.0,0.92,0.5,0.78,0.09383510092153365
607,48,1.0,0.9791666666666666,0.5833333333333334,0.6041666666666666,0.0953912812434017
608,54,1.0,0.9629629629629629,0.6481481481481481,0.7222222222222222,0.09543480653697754
609,51,0.9803921568627451,1.0,0.7254901960784313,0.5490196078431373,0.09575222795469741
610,55,1.0,1.0,0.7272727272727273,0.6,0.09703430207397302
611,55,0.9818181818181818,0.9818181818181818,0.6727272727272727,0.6727272727272727,0.0958947058514398
612,52,0.9807692307692307,1.0,0.6346153846153846,0.6730769230769231,0.09529111153076146
613,55,1.0,1.0,0.6545454545454545,0.6,0.09657595877967781
614,59,1.0,0.9661016949152542,0.559322033898305,0.5932203389830508,0.09679347165364363
615,54,1.0,0.9814814814814815,0.5740740740740741,0.6851851851851852,0.09744177965810959
616,51,0.9607843137254902,0.9607843137254902,0.7254901960784313,0.6078431372549019,0.09574052144692784
617,54,0.9814814814814815,0.9444444444444444,0.6666666666666666,0.46296296296296297,0.09540144906144697
618,57,0.9824561403508771,0.9824561403508771,0.6140350877192983,0.5789473684210527,0.0955075124504069
619,54,1.0,0.9814814814814815,0.7222222222222222,0.6296296296296297,0.0950290165125595
620,51,1.0,0.9803921568627451,0.6862745098039216,0.5490196078431373,0.09364805982825163
621,53,1.0,0.9811320754716981,0.7547169811320755,0.5283018867924528,0.0993558239014026
622,59,1.0,1.0,0.6271186440677966,0.6779661016949152,0.0954360251743793
623,52,1.0,0.9807692307692307,0.7115384615384616,0.5,0.09685213290549513
624,56,1.0,1.0,0.7678571428571429,0.5714285714285714,0.09785442376877952
625,58,0.9655172413793104,0.9482758620689655,0.7068965517241379,0.6896551724137931,0.09701213497978174
626,55,1.0,1.0,0.7454545454545455,0.6909090909090909,0.09659745539661706
627,55,1.0,1.0,0.6363636363636364,0.6,0.09693853419904311
628,51,1.0,1.0,0.6470588235294118,0.6470588235294118,0.09612133527619932
629,59,1.0,1.0,0.5932203389830508,0.6271186440677966,0.0976073718096547
630,59,1.0,0.9830508474576272,0.6610169491525424,0.5423728813559322,0.09366313279863221
631,51,1.0,0.9803921568627451,0.6862745098039216,0.7843137254901961,0.09962659759456766
632,54,1.0,1.0,0.6296296296296297,0.5740740740740741,0.09698480098911684
633,50,1.0,0.98,0.6,0.54,0.09546249714026052
634,55,0.9818181818181818,0.9636363636363636,0.6181818181818182,0.6363636363636364,0.09707746689012238
635,55,0.9636363636363636,0.9818181818181818,0.5272727272727272,0.5818181818181818,0.09667448225920643
636,56,1.0,1.0,0.5892857142857143,0.5357142857142857,0.09947862661118227
637,55,1.0,0.9818181818181818,0.7454545454545455,0.6545454545454545,0.09883567082363034
638,52,1.0,1.0,0.75,0.6346153846153846,0.09614381627807543
639,54,1.0,1.0,0.6851851851851852,0.48148148148148145,0.0988864653971721
640,59,1.0,0.9830508474576272,0.7796610169491526,0.4915254237288136,0.09885129854004948
641,61,0.9836065573770492,0.9672131147540983,0.6557377049180327,0.5901639344262295,0.099469878876091
642,50,1.0,0.98,0.62,0.58,0.10019693559371941
643,59,1.0,1.0,0.6101694915254238,0.559322033898305,0.0986640339802065
644,60,0.9833333333333333,0.95,0.7666666666666667,0.65,0.0977789713275891
645,59,1.0,1.0,0.6610169491525424,0.6610169491525424,0.09767905030443107
646,56,1.0,0.9464285714285714,0.6964285714285714,0.6607142857142857,0.09874504623145643
647,58,1.0,1.0,0.6724137931034483,0.5517241379310345,0.10348399658592554
648,63,1.0,1.0,0.7142857142857143,0.5873015873015873,0.10636719353187062
649,57,1.0,1.0,0.7017543859649122,0.543859649122807,0.10609600279620512
650,58,1.0,1.0,0.7586206896551724,0.5517241379310345,0.10615079018097819
651,56,1.0,1.0,0.6428571428571429,0.4642857142857143,0.1063285562628
652,59,1.0,1.0,0.7796610169491526,0.559322033898305,0.10419859750202563
653,58,1.0,1.0,0.6724137931034483,0.43103448275862066,0.10689644921207322
654,56,1.0,0.9821428571428571,0.7142857142857143,0.44642857142857145,0.1071189948131663
655,60,1.0,0.9833333333333333,0.7166666666666667,0.4,0.1034571564287182
656,59,1.0,1.0,0.6101694915254238,0.559322033898305,0.10639693995693557
657,55,1.0,0.9818181818181818,0.6181818181818182,0.4727272727272727,0.10564028648444329
658,59,1.0,1.0,0.7288135593220338,0.4067796610169492,0.10483536964759581
659,55,1.0,1.0,0.7272727272727273,0.6,0.10577599326023071
660,55,1.0,1.0,0.7090909090909091,0.4909090909090909,0.10549051815712338
661,61,1.0,0.9672131147540983,0.7213114754098361,0.6065573770491803,0.10677566738412834
662,56,1.0,0.9821428571428571,0.7321428571428571,0.5892857142857143,0.10830728752167706
663,59,1.0,0.9661016949152542,0.7457627118644068,0.5423728813559322,0.10400699219318722
664,54,1.0,1.0,0.8148148148148148,0.5,0.10481254806209439
665,55,1.0,1.0,0.5818181818181818,0.6181818181818182,0.10660668185542028
666,55,1.0,1.0,0.7454545454545455,0.509090909090909,0.10740003583007518
667,60,1.0,0.9833333333333333,0.7666666666666667,0.5333333333333333,0.10499370037967469
668,58,1.0,1.0,0.7068965517241379,0.4482758620689655,0.10477291598651366
669,59,1.0,1.0,0.6949152542372882,0.5423728813559322,0.10640260556009547
670,52,1.0,1.0,0.75,0.5384615384615384,0.10787312284273706
671,60,1.0,1.0,0.6333333333333333,0.5,0.10485487847186069
672,55,0.9818181818181818,0.9818181818181818,0.5636363636363636,0.45454545454545453,0.10405929926278094
673,55,1.0,1.0,0.6545454545454545,0.4727272727272727,0.10210100419711579
674,64,1.0,0.984375,0.765625,0.5,0.10574221163491025
675,60,1.0,1.0,0.6333333333333333,0.6166666666666667,0.10353243090033698
676,57,1.0,0.9824561403508771,0.6842105263157895,0.7017543859649122,0.10479844234738675
677,58,1.0,0.9827586206896551,0.7758620689655172,0.5,0.10561474365994769
678,58,1.0,1.0,0.7586206896551724,0.46551724137931033,0.10528635681159786
679,56,1.0,1.0,0.7321428571428571,0.4642857142857143,0.10404130874610455
680,56,1.0,0.9821428571428571,0.75,0.48214285714285715,0.10467118699936437
681,55,1.0,0.9818181818181818,0.7454545454545455,0.5272727272727272,0.10540658306922346
682,56,1.0,1.0,0.6607142857142857,0.5714285714285714,0.10518019271611452
683,59,1.0,1.0,0.6440677966101694,0.5423728813559322,0.10438086824204838
684,58,1.0,0.9827586206896551,0.7241379310344828,0.5689655172413793,0.10538490767755028
685,55,1.0,1.0,0.6545454545454545,0.5636363636363636,0.10796882273221331
686,58,0.9827586206896551,0.9827586206896551,0.8620689655172413,0.4827586206896552,0.10736434072150397
687,60,0.9833333333333333,0.9666666666666667,0.6666666666666666,0.55,0.10519348946865188
688,58,1.0,1.0,0.6724137931034483,0.5172413793103449,0.1051702152886552
689,59,1.0,1.0,0.7288135593220338,0.576271186440678,0.10621795183307979
690,59,0.9830508474576272,0.9661016949152542,0.6440677966101694,0.6271186440677966,0.10557531673132281
691,53,1.0,1.0,0.7169811320754716,0.5660377358490566,0.10758682825119245
692,58,1.0,0.9827586206896551,0.5517241379310345,0.5689655172413793,0.1066019557857799
693,67,1.0,0.9850746268656716,0.6567164179104478,0.4626865671641791,0.10804685508717657
694,62,1.0,1.0,0.7419354838709677,0.6451612903225806,0.1064571242261577
695,64,1.0,0.984375,0.71875,0.5625,0.10592736379449726
696,60,1.0,0.9833333333333333,0.7166666666666667,0.5,0.10728331888417723
697,56,1.0,1.0,0.7142857142857143,0.5535714285714286,0.10952943870695377
698,59,1.0,1.0,0.6949152542372882,0.559322033898305,0.10695360469293504
699,55,1.0,1.0,0.6181818181818182,0.6545454545454545,0.11017354574822076
700,55,1.0,0.9636363636363636,0.5818181818181818,0.509090909090909,0.11375794541135852
701,62,1.0,1.0,0.7903225806451613,0.45161290322580644,0.12097856109331565
702,64,1.0,1.0,0.71875,0.453125,0.1668109940274198
703,61,1.0,0.9836065573770492,0.5573770491803278,0.5901639344262295,0.1712650077282703
704,62,1.0,1.0,0.6774193548387096,0.3548387096774194,0.17433013555389593
705,63,1.0,1.0,0.7301587301587301,0.4126984126984127,0.17201647842918638
706,63,1.0,1.0,0.7619047619047619,0.4126984126984127,0.16795951311113275
707,61,1.0,1.0,0.6229508196721312,0.4098360655737705,0.17331218688733488
708,66,1.0,1.0,0.7878787878787878,0.4393939393939394,0.1685982041785922
709,66,1.0,1.0,0.7272727272727273,0.3787878787878788,0.16727590109266857
710,65,1.0,1.0,0.7846153846153846,0.4153846153846154,0.17271854466974088
711,62,1.0,1.0,0.7903225806451613,0.3064516129032258,0.1705419486992772
712,63,1.0,1.0,0.7301587301587301,0.36507936507936506,0.16881060978702478
713,65,1.0,1.0,0.8,0.24615384615384617,0.1675781477099299
714,65,1.0,1.0,0.7076923076923077,0.2923076923076923,0.1695706074778785
715,63,1.0,1.0,0.7301587301587301,0.31746031746031744,0.16934741537273454
716,62,1.0,1.0,0.6935483870967742,0.2903225806451613,0.165077607999394
717,62,1.0,1.0,0.6935483870967742,0.3225806451612903,0.1649411011733435
718,67,1.0,1.0,0.746268656716418,0.34328358208955223,0.1656314706091618
719,66,1.0,1.0,0.696969696969697,0.3484848484848485,0.16816337593996117
720,62,1.0,1.0,0.7419354838709677,0.2903225806451613,0.1637435592481768
721,65,1.0,1.0,0.7538461538461538,0.35384615384615387,0.16514221296484782
722,65,1.0,1.0,0.6461538461538462,0.3230769230769231,0.16436333414117485
723,62,1.0,1.0,0.8225806451612904,0.4032258064516129,0.16274042861601984
724,62,1.0,1.0,0.7580645161290323,0.3709677419354839,0.16281967677293147
725,62,1.0,1.0,0.6935483870967742,0.3548387096774194,0.1676198517497272
726,61,1.0,1.0,0.7540983606557377,0.4426229508196721,0.16620819680107138
727,60,1.0,1.0,0.6,0.31666666666666665,0.16542429936814904
728,67,1.0,1.0,0.7014925373134329,0.26865671641791045,0.16406742163921945
729,67,1.0,1.0,0.6865671641791045,0.34328358208955223,0.16462298095822783
730,62,1.0,1.0,0.7096774193548387,0.3709677419354839,0.16593397227638662
731,59,1.0,1.0,0.6949152542372882,0.3050847457627119,0.15638283559135557
732,60,1.0,1.0,0.75,0.23333333333333334,0.16215466978346466
733,62,1.0,0.9838709677419355,0.7258064516129032,0.3225806451612903,0.1547917371641719
734,63,1.0,1.0,0.6984126984126984,0.38095238095238093,0.15584186591145754
735,63,1.0,1.0,0.7142857142857143,0.3492063492063492,0.15338903647217442
736,63,1.0,1.0,0.7777777777777778,0.3333333333333333,0.15401771631190295
737,62,1.0,1.0,0.7096774193548387,0.3064516129032258,0.15334084645432422
738,63,1.0,1.0,0.7301587301587301,0.2698412698412698,0.14478579237275588
739,64,1.0,1.0,0.765625,0.328125,0.1409339642093704
740,67,1.0,1.0,0.6567164179104478,0.2537313432835821,0.14710928359775055
741,65,1.0,1.0,0.7384615384615385,0.27692307692307694,0.14466328497160033
742,64,1.0,0.984375,0.703125,0.3125,0.14316787959119648
743,65,1.0,1.0,0.7846153846153846,0.3230769230769231,0.13922522645077479
744,64,1.0,1.0,0.6875,0.328125,0.13861542943637414
745,63,1.0,1.0,0.7777777777777778,0.25396825396825395,0.13957348212685566
746,65,1.0,1.0,0.6615384615384615,0.35384615384615387,0.14107023980779113
747,61,1.0,1.0,0.8032786885245902,0.3114754098360656,0.13713443646053808
748,61,1.0,1.0,0.6885245901639344,0.3114754098360656,0.1394046568098689
749,59,1.0,1.0,0.5932203389830508,0.288135593220339,0.1341965813414887
750,64,1.0,1.0,0.6875,0.25,0.13977436385161862
751,65,1.0,1.0,0.6923076923076923,0.36923076923076925,0.13882870594605615
752,64,1.0,1.0,0.703125,0.296875,0.1338632956431115
753,63,1.0,1.0,0.746031746031746,0.3968253968253968,0.13450822096482207
754,60,1.0,1.0,0.7333333333333333,0.2833333333333333,0.13384049719485047
755,58,1.0,0.9827586206896551,0.8103448275862069,0.27586206896551724,0.12985988866251127
756,62,1.0,0.967741935483871,0.7258064516129032,0.3064516129032258,0.1276679805390528
757,63,1.0,1.0,0.8095238095238095,0.3492063492063492,0.12385014157379073
758,59,1.0,0.9491525423728814,0.711864406779661,0.3389830508474576,0.12471332839317847
759,63,0.9841269841269841,0.9682539682539683,0.7777777777777778,0.4126984126984127,0.12411688699855804
760,59,1.0,0.9830508474576272,0.6779661016949152,0.2711864406779661,0.1210112119305537
761,63,1.0,0.9682539682539683,0.7619047619047619,0.38095238095238093,0.1194356390136977
762,60,1.0,0.9666666666666667,0.8,0.2833333333333333,0.11621761492326493
763,62,0.967741935483871,0.9354838709677419,0.8064516129032258,0.27419354838709675,0.11665379416989889
764,56,1.0,0.9107142857142857,0.8035714285714286,0.25,0.11288011258602874
765,59,0.9830508474576272,0.864406779661017,0.7796610169491526,0.3728813559322034,0.11237967317329717
766,58,1.0,0.9310344827586207,0.6724137931034483,0.27586206896551724,0.1106597582190961
767,60,1.0,0.8833333333333333,0.8833333333333333,0.35,0.10980057972235055
768,59,0.9491525423728814,0.7796610169491526,0.7966101694915254,0.3559322033898305,0.11043901308964997
769,63,0.9841269841269841,0.8571428571428571,0.746031746031746,0.38095238095238093,0.10970084919825557
770,58,1.0,0.7586206896551724,0.8793103448275862,0.41379310344827586,0.10882144393480929
771,57,0.9824561403508771,0.8421052631578947,0.7719298245614035,0.42105263157894735,0.10585812155169898
772,62,1.0,0.8064516129032258,0.8548387096774194,0.3064516129032258,0.10685222254989271
773,58,1.0,0.7931034482758621,0.8275862068965517,0.41379310344827586,0.10698321057668166
774,63,1.0,0.6031746031746031,0.7777777777777778,0.4444444444444444,0.10522066017900565
775,56,0.9821428571428571,0.6428571428571429,0.7857142857142857,0.5,0.10418708594123549
776,56,0.9642857142857143,0.7321428571428571,0.8035714285714286,0.375,0.10667666146570946
777,60,1.0,0.75,0.8833333333333333,0.35,0.10516594919056813
778,60,0.9666666666666667,0.6666666666666666,0.8333333333333334,0.3333333333333333,0.10417290511997936
779,60,0.9666666666666667,0.7,0.8666666666666667,0.55,0.10287445944168266
780,58,0.9310344827586207,0.7068965517241379,0.8103448275862069,0.43103448275862066,0.10303211980501782
781,58,0.9827586206896551,0.5689655172413793,0.8620689655172413,0.46551724137931033,0.09967721195577031
782,62,0.967741935483871,0.6935483870967742,0.9032258064516129,0.3870967741935484,0.1033667042431573
783,62,1.0,0.5645161290322581,0.9032258064516129,0.46774193548387094,0.1014554356745503
784,61,0.9836065573770492,0.7049180327868853,0.9016393442622951,0.39344262295081966,0.10066154345029903
785,58,0.9827586206896551,0.5517241379310345,0.8793103448275862,0.46551724137931033,0.09928756320448981
786,55,0.9818181818181818,0.6727272727272727,0.9090909090909091,0.4,0.10272816924130423
787,58,0.9827586206896551,0.6724137931034483,0.8448275862068966,0.46551724137931033,0.10030478521764125
788,56,0.9821428571428571,0.5535714285714286,0.8214285714285714,0.5,0.10310909513201595
789,60,0.9666666666666667,0.7166666666666667,0.8333333333333334,0.38333333333333336,0.10116513582113221
790,60,0.9666666666666667,0.6666666666666666,0.8833333333333333,0.45,0.10015726071814024
791,57,0.9824561403508771,0.6140350877192983,0.7894736842105263,0.49122807017543857,0.10169860715055667
792,55,0.9818181818181818,0.6909090909090909,0.8,0.509090909090909,0.10301308825312144
793,55,0.9818181818181818,0.7818181818181819,0.8545454545454545,0.3090909090909091,0.10377516234208291
794,56,0.9642857142857143,0.8035714285714286,0.8928571428571429,0.26785714285714285,0.10549214565537006
795,58,1.0,0.8448275862068966,0.8448275862068966,0.3275862068965517,0.1054094733367411
796,58,0.9827586206896551,0.7241379310344828,0.8103448275862069,0.46551724137931033,0.10471226914808204
797,57,1.0,0.8421052631578947,0.8245614035087719,0.3333333333333333,0.10537831801098543
798,54,0.9629629629629629,0.7407407407407407,0.7222222222222222,0.42592592592592593,0.10378454850489857
799,55,1.0,0.8181818181818182,0.7636363636363637,0.32727272727272727,0.10642246984190541
800,57,1.0,0.9298245614035088,0.9473684210526315,0.2631578947368421,0.10638870542765465
801,56,0.9821428571428571,0.9107142857142857,0.7857142857142857,0.2857142857142857,0.1066004244184069
802,60,1.0,0.9,0.8666666666666667,0.26666666666666666,0.10695119597399197
803,59,1.0,0.7966101694915254,0.7966101694915254,0.423728813559322,0.10629012671565578
804,54,1.0,0.9259259259259259,0.6666666666666666,0.3888888888888889,0.10958978096722614
805,56,1.0,0.9285714285714286,0.8392857142857143,0.3392857142857143,0.10801716711755026
806,53,1.0,0.9056603773584906,0.660377358490566,0.49056603773584906,0.10932187775809717
807,60,1.0,0.95,0.75,0.38333333333333336,0.11056102081259617
808,56,1.0,0.875,0.875,0.3392857142857143,0.11095306267255829
809,56,0.9821428571428571,0.8928571428571429,0.7678571428571429,0.3392857142857143,0.10921334499111537
810,58,1.0,0.9655172413793104,0.9310344827586207,0.20689655172413793,0.11038174574980562
811,61,0.9836065573770492,0.9344262295081968,0.7868852459016393,0.29508196721311475,0.11140560489585327
812,54,1.0,0.9814814814814815,0.8148148148148148,0.2962962962962963,0.10965479674398394
813,61,1.0,0.9344262295081968,0.819672131147541,0.22950819672131148,0.1092813240690844
814,57,1.0,0.9473684210526315,0.8947368421052632,0.2982456140350877,0.10980831941956075
815,63,1.0,0.9682539682539683,0.8412698412698413,0.36507936507936506,0.11013575465489497
816,56,1.0,0.9107142857142857,0.8392857142857143,0.3392857142857143,0.11019354866843499
817,57,1.0,0.9824561403508771,0.8421052631578947,0.3333333333333333,0.11021719149969104
818,62,1.0,0.9193548387096774,0.7580645161290323,0.3225806451612903,0.11080996505624353
819,60,1.0,0.9333333333333333,0.8,0.26666666666666666,0.11231006032518762
820,54,1.0,0.9629629629629629,0.7962962962962963,0.2037037037037037,0.11522788424956396
821,58,0.9655172413793104,0.9482758620689655,0.8448275862068966,0.3793103448275862,0.11158084864249453
822,60,0.9833333333333333,0.9666666666666667,0.7833333333333333,0.25,0.11302894228707012
823,63,1.0,1.0,0.873015873015873,0.38095238095238093,0.1371835864649999
824,61,1.0,1.0,0.8032786885245902,0.3114754098360656,0.137016697156312
825,64,1.0,1.0,0.75,0.328125,0.13589580983309907
826,58,1.0,0.9827586206896551,0.7758620689655172,0.3448275862068966,0.1416588774152467
827,66,1.0,1.0,0.7727272727272727,0.30303030303030304,0.1389296293389627
828,64,1.0,1.0,0.71875,0.265625,0.1410943331631932
829,61,1.0,1.0,0.7704918032786885,0.16393442622950818,0.145033726761993
830,60,1.0,0.9833333333333333,0.8166666666666667,0.2833333333333333,0.14271131250064195
831,60,1.0,1.0,0.8,0.25,0.14826901756819713
832,64,1.0,1.0,0.765625,0.171875,0.14674044525479255
833,63,1.0,1.0,0.8571428571428571,0.2698412698412698,0.15030295274953076
834,64,1.0,1.0,0.8125,0.21875,0.152198082352073
835,64,1.0,1.0,0.859375,0.203125,0.15783396363271057
836,63,1.0,1.0,0.6984126984126984,0.3492063492063492,0.15654113049765264
837,66,1.0,1.0,0.8787878787878788,0.25757575757575757,0.15861587553100823
838,63,1.0,1.0,0.7301587301587301,0.2698412698412698,0.16193274827921705
839,63,1.0,1.0,0.8412698412698413,0.2698412698412698,0.16344321758512412
840,61,1.0,1.0,0.7868852459016393,0.3114754098360656,0.1614660477401546
841,63,1.0,1.0,0.746031746031746,0.25396825396825395,0.16413153017053556
842,63,1.0,1.0,0.8253968253968254,0.23809523809523808,0.16414514817778458
843,63,1.0,1.0,0.8888888888888888,0.2222222222222222,0.1659771045496862
844,61,1.0,1.0,0.7377049180327869,0.3442622950819672,0.16637886768317262
845,66,1.0,1.0,0.803030303030303,0.3787878787878788,0.1677504813394222
846,64,1.0,1.0,0.78125,0.296875,0.166284034604475
847,64,1.0,1.0,0.828125,0.265625,0.1649104479081388
848,61,1.0,1.0,0.8360655737704918,0.2459016393442623,0.17101045088737454
849,66,1.0,1.0,0.803030303030303,0.19696969696969696,0.1743872026078523
850,63,1.0,1.0,0.8571428571428571,0.23809523809523808,0.17374826339442953
851,66,1.0,1.0,0.8484848484848485,0.30303030303030304,0.17319726384032888
852,63,1.0,1.0,0.8412698412698413,0.31746031746031744,0.1686293056691389
853,62,1.0,1.0,0.8548387096774194,0.4838709677419355,0.16378655496840158
854,66,1.0,1.0,0.9090909090909091,0.2727272727272727,0.16207123120908454
855,64,1.0,1.0,0.90625,0.234375,0.1633413721967599
856,64,1.0,1.0,0.765625,0.359375,0.16550924617412116
857,61,1.0,1.0,0.819672131147541,0.26229508196721313,0.1720334130679192
858,61,1.0,1.0,0.8524590163934426,0.36065573770491804,0.16140493539991269
859,64,1.0,1.0,0.75,0.296875,0.1608878407768453
860,62,1.0,1.0,0.8709677419354839,0.25806451612903225,0.1628619362472392
861,65,1.0,1.0,0.8769230769230769,0.3076923076923077,0.15946347492994803
862,65,1.0,1.0,0.8615384615384616,0.2923076923076923,0.1655757689226454
863,64,1.0,1.0,0.828125,0.359375,0.1635495492605435
864,61,1.0,1.0,0.7868852459016393,0.29508196721311475,0.16229735830889763
865,60,1.0,1.0,0.9166666666666666,0.23333333333333334,0.16010241086905838
866,61,1.0,1.0,0.8360655737704918,0.32786885245901637,0.15341164275443533
867,60,1.0,1.0,0.8666666666666667,0.25,0.15154652385700504
868,60,1.0,1.0,0.7833333333333333,0.35,0.15003560764266072
869,59,1.0,1.0,0.7796610169491526,0.288135593220339,0.14907789548822453
870,66,1.0,1.0,0.8636363636363636,0.2878787878787879,0.14982801628075426
871,63,1.0,1.0,0.8412698412698413,0.2222222222222222,0.14979862593115595
872,65,1.0,1.0,0.7538461538461538,0.4153846153846154,0.16699221894330427
873,63,1.0,1.0,0.873015873015873,0.30158730158730157,0.1697982807244076
874,61,1.0,1.0,0.8032786885245902,0.2786885245901639,0.160212949542501
875,65,1.0,1.0,0.7846153846153846,0.26153846153846155,0.1592394159931094
876,65,1.0,1.0,0.8153846153846154,0.27692307692307694,0.15906146006509297
877,65,1.0,1.0,0.8,0.2,0.15386406837032818
878,64,1.0,1.0,0.875,0.28125,0.14979964284175712
879,60,1.0,1.0,0.8166666666666667,0.2833333333333333,0.15282419263014496
880,63,1.0,1.0,0.7936507936507936,0.20634920634920634,0.15493141296024823
881,61,1.0,1.0,0.7868852459016393,0.22950819672131148,0.1508433340352676
882,62,1.0,1.0,0.7258064516129032,0.2903225806451613,0.1495096309998273
883,61,1.0,1.0,0.7540983606557377,0.32786885245901637,0.15235705702022126
884,65,1.0,1.0,0.8,0.23076923076923078,0.15455393005005763
885,64,1.0,1.0,0.78125,0.21875,0.15556176982639625
886,62,1.0,0.967741935483871,0.7580645161290323,0.22580645161290322,0.1558191946099293
887,61,1.0,1.0,0.8688524590163934,0.11475409836065574,0.15333933669327465
888,65,1.0,0.9846153846153847,0.7538461538461538,0.23076923076923078,0.15510843074399538
889,64,1.0,1.0,0.796875,0.1875,0.16305727794477104
890,64,1.0,1.0,0.796875,0.171875,0.15593778848821213
891,62,1.0,0.9516129032258065,0.8387096774193549,0.25806451612903225,0.14400912596296142
892,64,1.0,0.9375,0.90625,0.296875,0.13525691731924122
893,62,0.9838709677419355,0.8225806451612904,0.9516129032258065,0.1935483870967742,0.13106111807540116
894,61,1.0,0.6557377049180327,0.8688524590163934,0.3442622950819672,0.12416947900786172
895,63,1.0,0.5238095238095238,0.9365079365079365,0.2857142857142857,0.12170712203846402
896,59,0.9661016949152542,0.5423728813559322,0.9830508474576272,0.288135593220339,0.12174542263718177
897,61,0.9508196721311475,0.6557377049180327,0.9672131147540983,0.36065573770491804,0.11907529985932772
898,59,0.9830508474576272,0.5932203389830508,0.8983050847457628,0.3389830508474576,0.12034185415795037
899,61,1.0,0.7213114754098361,0.9508196721311475,0.2786885245901639,0.12001728941999085
900,62,0.967741935483871,0.6290322580645161,0.9516129032258065,0.3225806451612903,0.1201781433907266
901,56,1.0,0.7857142857142857,0.9642857142857143,0.19642857142857142,0.12637292675902592
902,58,1.0,0.8793103448275862,0.9655172413793104,0.22413793103448276,0.12896477128859607
903,59,1.0,1.0,0.9152542372881356,0.22033898305084745,0.14414653874523678
904,62,1.0,1.0,0.9516129032258065,0.24193548387096775,0.15268002340007597
905,65,1.0,1.0,1.0,0.27692307692307694,0.16602909778517383
906,62,1.0,1.0,1.0,0.1774193548387097,0.1755184905673754
907,63,1.0,1.0,0.9682539682539683,0.25396825396825395,0.18341900099345929
908,66,1.0,1.0,0.9242424242424242,0.22727272727272727,0.1835057957086455
909,62,1.0,1.0,0.967741935483871,0.25806451612903225,0.18440422480219584
910,63,1.0,0.9841269841269841,0.9523809523809523,0.23809523809523808,0.1735168933477596
911,62,1.0,1.0,0.9838709677419355,0.24193548387096775,0.1649933496182224
912,59,1.0,1.0,1.0,0.3050847457627119,0.1737618778342605
913,63,1.0,1.0,0.9841269841269841,0.23809523809523808,0.17701353352308138
914,63,1.0,1.0,0.9365079365079365,0.23809523809523808,0.17728578182164897
915,64,1.0,0.984375,0.9375,0.125,0.19326924771610454
916,62,1.0,1.0,0.967741935483871,0.12903225806451613,0.1769338201021457
917,61,1.0,1.0,0.9344262295081968,0.18032786885245902,0.17073491523193912
918,63,1.0,0.9523809523809523,0.9365079365079365,0.09523809523809523,0.17457693405439986
919,63,1.0,0.873015873015873,0.9682539682539683,0.09523809523809523,0.1686541673200996
920,62,1.0,0.9032258064516129,0.8548387096774194,0.12903225806451613,0.17479785403289425
921,62,1.0,0.7258064516129032,0.9193548387096774,0.14516129032258066,0.16823280895499962
922,63,1.0,0.746031746031746,0.9365079365079365,0.1111111111111111,0.1831931433807918
923,65,1.0,0.6153846153846154,0.9230769230769231,0.09230769230769231,0.17951954087806313
924,62,1.0,0.22580645161290322,0.9838709677419355,0.0967741935483871,0.17074933749283977
925,63,1.0,0.12698412698412698,0.9841269841269841,0.15873015873015872,0.16833051527422382
926,65,1.0,0.09230769230769231,1.0,0.18461538461538463,0.15766470410389294
927,63,1.0,0.20634920634920634,0.9841269841269841,0.09523809523809523,0.15010345704373865
928,61,1.0,0.639344262295082,0.9672131147540983,0.06557377049180328,0.15791185723785897
929,59,1.0,0.864406779661017,0.8983050847457628,0.0847457627118644,0.17062434598338058
930,61,1.0,0.9836065573770492,0.9180327868852459,0.04918032786885246,0.16772838103020526
931,61,1.0,1.0,0.9672131147540983,0.04918032786885246,0.17974610338672908
932,61,1.0,1.0,0.9836065573770492,0.01639344262295082,0.19187792970524994
933,61,1.0,0.9836065573770492,0.8852459016393442,0.09836065573770492,0.1994251616407112
934,63,1.0,1.0,0.8571428571428571,0.1111111111111111,0.22529337027817653
935,62,1.0,1.0,0.967741935483871,0.03225806451612903,0.2654203384047252
936,66,1.0,0.8787878787878788,0.9090909090909091,0.015151515151515152,0.2007755011218844
937,66,1.0,0.7121212121212122,0.9545454545454546,0.015151515151515152,0.1966265147832829
938,61,1.0,0.639344262295082,0.9344262295081968,0.08196721311475409,0.19516604478710325
939,65,1.0,0.26153846153846155,1.0,0.06153846153846154,0.1661880953208823
940,62,1.0,0.1774193548387097,1.0,0.03225806451612903,0.16263664424707502
941,64,1.0,0.09375,1.0,0.0625,0.17009921397843678
942,62,1.0,0.1774193548387097,1.0,0.0967741935483871,0.16356642000624622
943,61,1.0,0.9672131147540983,0.9836065573770492,0.03278688524590164,0.19836277733334753
944,61,1.0,1.0,0.9508196721311475,0.11475409836065574,0.18891941642162002
945,63,1.0,1.0,0.9523809523809523,0.07936507936507936,0.2153615284819708
946,61,1.0,0.9344262295081968,0.9672131147540983,0.06557377049180328,0.1836119592774664
947,61,1.0,0.13114754098360656,0.9836065573770492,0.09836065573770492,0.16366970673022083
948,59,1.0,0.8135593220338984,0.9830508474576272,0.13559322033898305,0.15884934347999366
949,56,1.0,0.9464285714285714,1.0,0.16071428571428573,0.16176198036388728
950,57,1.0,0.9824561403508771,0.9122807017543859,0.05263157894736842,0.18451141775799226
951,65,1.0,0.4,0.8615384615384616,0.015384615384615385,0.21394278869740246
952,66,1.0,0.3939393939393939,0.8787878787878788,0.030303030303030304,0.2370506699008298
953,61,1.0,1.0,1.0,0.06557377049180328,0.19917106302258764
954,62,1.0,1.0,0.967741935483871,0.12903225806451613,0.23697076169195158
955,60,1.0,0.9833333333333333,0.9,0.23333333333333334,0.20449312968903632
956,60,1.0,1.0,0.5666666666666667,0.21666666666666667,0.22166697857271841
957,60,1.0,1.0,0.5166666666666667,0.11666666666666667,0.2071292325045011
958,61,1.0,0.9836065573770492,0.19672131147540983,0.01639344262295082,0.26121163216363985
959,64,1.0,1.0,0.546875,0.078125,0.20201981061827412
960,60,1.0,1.0,0.8,0.05,0.22338533996899448
961,61,1.0,1.0,0.8688524590163934,0.01639344262295082,0.2578091733922567
962,63,1.0,1.0,0.9841269841269841,0.0,0.2313225321365826
963,61,1.0,0.8852459016393442,0.9508196721311475,0.03278688524590164,0.23340615623949726
964,61,1.0,1.0,0.8688524590163934,0.03278688524590164,0.24808134656848796
965,62,1.0,0.967741935483871,0.6451612903225806,0.0,0.2978040253672221
966,63,1.0,1.0,0.7619047619047619,0.06349206349206349,0.2905505013540202
967,58,1.0,1.0,0.5862068965517241,0.0,0.34039629131595633
968,60,1.0,1.0,0.35,0.06666666666666667,0.3154801528037096
969,55,1.0,1.0,0.5636363636363636,0.14545454545454545,0.3251571938435005
970,57,1.0,1.0,0.43859649122807015,0.07017543859649122,0.35186830755219584
971,63,1.0,1.0,0.30158730158730157,0.1746031746031746,0.4284019218013692
972,63,1.0,1.0,0.42857142857142855,0.25396825396825395,0.4137824405586443
973,60,1.0,1.0,0.05,0.36666666666666664,0.3695430360997222
974,62,1.0,1.0,0.43548387096774194,0.08064516129032258,0.44487929730104364
975,61,1.0,1.0,0.32786885245901637,0.5737704918032787,0.6683524661616915
976,59,1.0,0.9830508474576272,0.3389830508474576,0.3220338983050847,0.5278601609845665
977,58,1.0,1.0,0.1724137931034483,0.15517241379310345,0.4414212723041789
978,60,1.0,1.0,0.08333333333333333,0.016666666666666666,0.38576794695699174
979,61,1.0,1.0,0.4918032786885246,0.5409836065573771,0.7235416559658943
980,62,1.0,1.0,0.5967741935483871,0.3709677419354839,0.4549664778097312
981,59,0.9322033898305084,1.0,0.5423728813559322,0.288135593220339,0.4774590826715526
982,50,0.02,0.08,0.14,1.0,0.0009695371618679099
983,59,0.0,0.0,0.03389830508474576,1.0,0.000981378592054783
