file,health_index
2004.02.12.10.32.39,0.9995702505111694
2004.02.12.10.42.39,0.9995115399360657
2004.02.12.10.52.39,0.9994090795516968
2004.02.12.11.02.39,0.9992871284484863
2004.02.12.11.12.39,0.999170184135437
2004.02.12.11.22.39,0.9990749359130859
2004.02.12.11.32.39,0.9990063309669495
2004.02.12.11.42.39,0.9989584684371948
2004.02.12.11.52.39,0.9989189505577087
2004.02.12.12.02.39,0.9988746643066406
2004.02.12.12.12.39,0.9988178014755249
2004.02.12.12.22.39,0.9987499117851257
2004.02.12.12.32.39,0.9986828565597534
2004.02.12.12.42.39,0.9986329078674316
2004.02.12.12.52.39,0.9986100792884827
2004.02.12.13.02.39,0.9986082911491394
2004.02.12.13.12.39,0.9986046552658081
2004.02.12.13.22.39,0.998569905757904
2004.02.12.13.32.39,0.9984865188598633
2004.02.12.13.42.39,0.9983621835708618
2004.02.12.13.52.39,0.9982311725616455
2004.02.12.14.02.39,0.9981409907341003
2004.02.12.14.12.39,0.9981310367584229
2004.02.12.14.22.39,0.9982135891914368
2004.02.12.14.32.39,0.9983660578727722
2004.02.12.14.42.39,0.998539388179779
2004.02.12.14.52.39,0.9986790418624878
2004.02.12.15.02.39,0.9987481832504272
2004.02.12.15.12.39,0.998742401599884
2004.02.12.15.22.39,0.9986879825592041
2004.02.12.15.32.39,0.9986262321472168
2004.02.12.15.42.39,0.998592734336853
2004.02.12.15.52.39,0.9986029267311096
2004.02.12.16.02.39,0.9986498951911926
2004.02.12.16.12.39,0.9987133145332336
2004.02.12.16.22.39,0.9987732768058777
2004.02.12.16.32.39,0.9988198280334473
2004.02.12.16.42.39,0.9988555312156677
2004.02.12.16.52.39,0.9988905787467957
2004.02.12.17.02.39,0.9989355802536011
2004.02.12.17.12.39,0.9989950656890869
2004.02.12.17.22.39,0.9990658760070801
2004.02.12.17.32.39,0.9991387128829956
2004.02.12.17.42.39,0.9992023706436157
2004.02.12.17.52.39,0.9992478489875793
2004.02.12.18.02.39,0.9992702603340149
2004.02.12.18.12.39,0.9992687106132507
2004.02.12.18.22.39,0.9992455244064331
2004.02.12.18.32.39,0.9992069005966187
2004.02.12.18.42.39,0.9991644024848938
2004.02.12.18.52.39,0.9991343021392822
2004.02.12.19.02.39,0.9991332292556763
2004.02.12.19.12.39,0.9991708397865295
2004.02.12.19.22.39,0.9992436170578003
2004.02.12.19.32.39,0.9993343353271484
2004.02.12.19.42.39,0.9994184970855713
2004.02.12.19.52.39,0.9994737505912781
2004.02.12.20.02.39,0.999488890171051
2004.02.12.20.12.39,0.9994680285453796
2004.02.12.20.22.39,0.9994292259216309
2004.02.12.20.32.39,0.999397873878479
2004.02.12.20.42.39,0.9993970394134521
2004.02.12.20.52.39,0.9994387030601501
2004.02.12.21.02.39,0.9995197653770447
2004.02.12.21.12.39,0.9996241927146912
2004.02.12.21.22.39,0.9997304081916809
2004.02.12.21.32.39,0.9998189806938171
2004.02.12.21.42.39,0.9998775124549866
2004.02.12.21.52.39,0.9999010562896729
2004.02.12.22.02.39,0.9998905658721924
2004.02.12.22.12.39,0.999851405620575
2004.02.12.22.22.39,0.9997930526733398
2004.02.12.22.32.39,0.9997287392616272
2004.02.12.22.42.39,0.9996737837791443
2004.02.12.22.52.39,0.9996417164802551
2004.02.12.23.02.39,0.9996400475502014
2004.02.12.23.12.39,0.9996680021286011
2004.02.12.23.22.39,0.9997178912162781
2004.02.12.23.32.39,0.9997783899307251
2004.02.12.23.42.39,0.9998384118080139
2004.02.12.23.52.39,0.999889612197876
2004.02.13.00.02.39,0.9999273419380188
2004.02.13.00.12.39,0.999950110912323
2004.02.13.00.22.39,0.9999580979347229
2004.02.13.00.32.39,0.9999517798423767
2004.02.13.00.42.39,0.9999315142631531
2004.02.13.00.52.39,0.9998982548713684
2004.02.13.01.02.39,0.9998549222946167
2004.02.13.01.12.39,0.9998071193695068
2004.02.13.01.22.39,0.9997621178627014
2004.02.13.01.32.39,0.9997261762619019
2004.02.13.01.42.39,0.999701976776123
2004.02.13.01.52.39,0.9996889233589172
2004.02.13.02.02.39,0.9996850490570068
2004.02.13.02.12.39,0.9996896386146545
2004.02.13.02.22.39,0.9997034072875977
2004.02.13.02.32.39,0.999727189540863
2004.02.13.02.42.39,0.9997599124908447
2004.02.13.02.52.39,0.9997982978820801
2004.02.13.03.02.39,0.9998379945755005
2004.02.13.03.12.39,0.9998751878738403
2004.02.13.03.22.39,0.9999077916145325
2004.02.13.03.32.39,0.99993497133255
2004.02.13.03.42.39,0.9999563097953796
2004.02.13.03.52.39,0.9999715089797974
2004.02.13.04.02.39,0.9999804496765137
2004.02.13.04.12.39,0.9999827742576599
2004.02.13.04.22.39,0.9999781250953674
2004.02.13.04.32.39,0.9999657869338989
2004.02.13.04.42.39,0.9999450445175171
2004.02.13.04.52.39,0.9999151229858398
2004.02.13.05.02.39,0.9998757243156433
2004.02.13.05.12.39,0.9998282194137573
2004.02.13.05.22.39,0.9997761845588684
2004.02.13.05.32.39,0.9997256994247437
2004.02.13.05.42.39,0.9996837377548218
2004.02.13.05.52.39,0.9996545314788818
2004.02.13.06.02.39,0.9996365308761597
2004.02.13.06.12.39,0.999622642993927
2004.02.13.06.22.39,0.9996050000190735
2004.02.13.06.32.39,0.9995812177658081
2004.02.13.06.42.39,0.9995584487915039
2004.02.13.06.52.39,0.9995502829551697
2004.02.13.07.02.39,0.999569296836853
2004.02.13.07.12.39,0.9996193647384644
2004.02.13.07.22.39,0.9996929168701172
2004.02.13.07.32.39,0.9997746348381042
2004.02.13.07.42.39,0.9998482465744019
2004.02.13.07.52.39,0.9999022483825684
2004.02.13.08.02.39,0.9999321103096008
2004.02.13.08.12.39,0.9999385476112366
2004.02.13.08.22.39,0.9999262094497681
2004.02.13.08.32.39,0.9999017119407654
2004.02.13.08.42.39,0.9998732805252075
2004.02.13.08.52.39,0.9998497366905212
2004.02.13.09.02.39,0.9998382329940796
2004.02.13.09.12.39,0.99984210729599
2004.02.13.09.22.39,0.9998599886894226
2004.02.13.09.32.39,0.9998869299888611
2004.02.13.09.42.39,0.9999164938926697
2004.02.13.09.52.39,0.9999433159828186
2004.02.13.10.02.39,0.9999639987945557
2004.02.13.10.12.39,0.9999771118164062
2004.02.13.10.22.39,0.9999820590019226
2004.02.13.10.32.39,0.9999778866767883
2004.02.13.10.42.39,0.9999624490737915
2004.02.13.10.52.39,0.9999336004257202
2004.02.13.11.02.39,0.9998903870582581
2004.02.13.11.12.39,0.999835193157196
2004.02.13.11.22.39,0.9997739195823669
2004.02.13.11.32.39,0.9997143745422363
2004.02.13.11.42.39,0.9996616840362549
2004.02.13.11.52.39,0.9996157884597778
2004.02.13.12.02.39,0.9995728731155396
2004.02.13.12.12.39,0.9995298385620117
2004.02.13.12.22.39,0.9994899034500122
2004.02.13.12.32.39,0.9994621872901917
2004.02.13.12.42.39,0.999457061290741
2004.02.13.12.52.39,0.9994798302650452
2004.02.13.13.02.39,0.9995278716087341
2004.02.13.13.12.39,0.9995929598808289
2004.02.13.13.22.39,0.999665379524231
2004.02.13.13.32.39,0.9997367858886719
2004.02.13.13.42.39,0.9998006224632263
2004.02.13.13.52.39,0.9998515844345093
2004.02.13.14.02.39,0.9998860359191895
2004.02.13.14.12.39,0.999902606010437
2004.02.13.14.22.39,0.9999032020568848
2004.02.13.14.32.39,0.9998924732208252
2004.02.13.14.42.39,0.9998764395713806
2004.02.13.14.52.39,0.9998605251312256
2004.02.13.15.02.39,0.9998482465744019
2004.02.13.15.12.39,0.9998405575752258
2004.02.13.15.22.39,0.9998368620872498
2004.02.13.15.32.39,0.9998364448547363
2004.02.13.15.42.39,0.9998396039009094
2004.02.13.15.52.39,0.9998473525047302
2004.02.13.16.02.39,0.9998588562011719
2004.02.13.16.12.39,0.9998705983161926
2004.02.13.16.22.39,0.9998766779899597
2004.02.13.16.32.39,0.9998708367347717
2004.02.13.16.42.39,0.9998492002487183
2004.02.13.16.52.39,0.9998117685317993
2004.02.13.17.02.39,0.9997626543045044
2004.02.13.17.12.39,0.9997096657752991
2004.02.13.17.22.39,0.9996626973152161
2004.02.13.17.32.39,0.9996318817138672
2004.02.13.17.42.39,0.9996241927146912
2004.02.13.17.52.39,0.9996410608291626
2004.02.13.18.02.39,0.9996780157089233
2004.02.13.18.12.39,0.9997268915176392
2004.02.13.18.22.39,0.9997786283493042
2004.02.13.18.32.39,0.9998259544372559
2004.02.13.18.42.39,0.99986332654953
2004.02.13.18.52.39,0.9998868107795715
2004.02.13.19.02.39,0.9998935461044312
2004.02.13.19.12.39,0.999883234500885
2004.02.13.19.22.39,0.9998595118522644
2004.02.13.19.32.39,0.9998306632041931
2004.02.13.19.42.39,0.9998075366020203
2004.02.13.19.52.39,0.9997998476028442
2004.02.13.20.02.39,0.9998118281364441
2004.02.13.20.12.39,0.999840497970581
2004.02.13.20.22.39,0.9998775720596313
2004.02.13.20.32.39,0.9999126195907593
2004.02.13.20.42.39,0.9999372959136963
2004.02.13.20.52.39,0.9999464154243469
2004.02.13.21.02.39,0.9999379515647888
2004.02.13.21.12.39,0.9999121427536011
2004.02.13.21.22.39,0.9998709559440613
2004.02.13.21.32.39,0.999818742275238
2004.02.13.21.42.39,0.9997626543045044
2004.02.13.21.52.39,0.9997118711471558
2004.02.13.22.02.39,0.999675452709198
2004.02.13.22.12.39,0.9996589422225952
2004.02.13.22.22.39,0.9996623992919922
2004.02.13.22.32.39,0.9996809959411621
2004.02.13.22.42.39,0.9997084140777588
2004.02.13.22.52.39,0.9997401833534241
2004.02.13.23.02.39,0.9997748136520386
2004.02.13.23.12.39,0.9998117089271545
2004.02.13.23.22.39,0.9998487830162048
2004.02.13.23.32.39,0.9998811483383179
2004.02.13.23.42.39,0.9999032020568848
2004.02.13.23.52.39,0.999910831451416
2004.02.14.00.02.39,0.9999037384986877
2004.02.14.00.12.39,0.9998855590820312
2004.02.14.00.22.39,0.9998618364334106
2004.02.14.00.32.39,0.9998373985290527
2004.02.14.00.42.39,0.9998143911361694
2004.02.14.00.52.39,0.9997916221618652
2004.02.14.01.02.39,0.9997660517692566
2004.02.14.01.12.39,0.9997354745864868
2004.02.14.01.22.39,0.9997006058692932
2004.02.14.01.32.39,0.9996665716171265
2004.02.14.01.42.39,0.9996416568756104
2004.02.14.01.52.39,0.9996342658996582
2004.02.14.02.02.39,0.9996493458747864
2004.02.14.02.12.39,0.9996853470802307
2004.02.14.02.22.39,0.9997344017028809
2004.02.14.02.32.39,0.999785304069519
2004.02.14.02.42.39,0.9998279809951782
2004.02.14.02.52.39,0.9998570084571838
2004.02.14.03.02.39,0.9998728036880493
2004.02.14.03.12.39,0.9998794794082642
2004.02.14.03.22.39,0.9998815655708313
2004.02.14.03.32.39,0.9998809099197388
2004.02.14.03.42.39,0.999876081943512
2004.02.14.03.52.39,0.9998642802238464
2004.02.14.04.02.39,0.9998447299003601
2004.02.14.04.12.39,0.999821126461029
2004.02.14.04.22.39,0.9998006820678711
2004.02.14.04.32.39,0.9997904300689697
2004.02.14.04.42.39,0.9997925758361816
2004.02.14.04.52.39,0.9998030066490173
2004.02.14.05.02.39,0.9998136758804321
2004.02.14.05.12.39,0.9998176097869873
2004.02.14.05.22.39,0.9998129606246948
2004.02.14.05.32.39,0.9998029470443726
2004.02.14.05.42.39,0.9997923970222473
2004.02.14.05.52.39,0.9997832179069519
2004.02.14.06.02.39,0.9997735619544983
2004.02.14.06.12.39,0.9997598528862
2004.02.14.06.22.39,0.9997414946556091
2004.02.14.06.32.39,0.9997225403785706
2004.02.14.06.42.39,0.9997097253799438
2004.02.14.06.52.39,0.9997068643569946
2004.02.14.07.02.39,0.9997113943099976
2004.02.14.07.12.39,0.9997138381004333
2004.02.14.07.22.39,0.9997018575668335
2004.02.14.07.32.39,0.9996663331985474
2004.02.14.07.42.39,0.9996052980422974
2004.02.14.07.52.39,0.9995256066322327
2004.02.14.08.02.39,0.9994412064552307
2004.02.14.08.12.39,0.9993699193000793
2004.02.14.08.22.39,0.9993286728858948
2004.02.14.08.32.39,0.9993290305137634
2004.02.14.08.42.39,0.9993733763694763
2004.02.14.08.52.39,0.9994535446166992
2004.02.14.09.02.39,0.9995532631874084
2004.02.14.09.12.39,0.9996535181999207
2004.02.14.09.22.39,0.9997389912605286
2004.02.14.09.32.39,0.9998023509979248
2004.02.14.09.42.39,0.9998447299003601
2004.02.14.09.52.39,0.9998728632926941
2004.02.14.10.02.39,0.9998939633369446
2004.02.14.10.12.39,0.9999123811721802
2004.02.14.10.22.39,0.9999280571937561
2004.02.14.10.32.39,0.9999376535415649
2004.02.14.10.42.39,0.9999362230300903
2004.02.14.10.52.39,0.9999194741249084
2004.02.14.11.02.39,0.9998852014541626
2004.02.14.11.12.39,0.999833881855011
2004.02.14.11.22.39,0.9997690320014954
2004.02.14.11.32.39,0.9996960163116455
2004.02.14.11.42.39,0.9996209144592285
2004.02.14.11.52.39,0.9995496273040771
2004.02.14.12.02.39,0.999488115310669
2004.02.14.12.12.39,0.9994426369667053
2004.02.14.12.22.39,0.9994194507598877
2004.02.14.12.32.39,0.9994222521781921
2004.02.14.12.42.39,0.999450147151947
2004.02.14.12.52.39,0.9994966983795166
2004.02.14.13.02.39,0.9995525479316711
2004.02.14.13.12.39,0.9996074438095093
2004.02.14.13.22.39,0.9996526837348938
2004.02.14.13.32.39,0.9996817111968994
2004.02.14.13.42.39,0.9996911287307739
2004.02.14.13.52.39,0.9996827840805054
2004.02.14.14.02.39,0.999664306640625
2004.02.14.14.12.39,0.999646782875061
2004.02.14.14.22.39,0.9996397495269775
2004.02.14.14.32.39,0.9996465444564819
2004.02.14.14.42.39,0.9996634721755981
2004.02.14.14.52.39,0.9996829032897949
2004.02.14.15.02.39,0.9996979236602783
2004.02.14.15.12.39,0.9997050166130066
2004.02.14.15.22.39,0.9997044205665588
2004.02.14.15.32.39,0.9996989965438843
2004.02.14.15.42.39,0.999692440032959
2004.02.14.15.52.39,0.9996878504753113
2004.02.14.16.02.39,0.9996860027313232
2004.02.14.16.12.39,0.9996845722198486
2004.02.14.16.22.39,0.9996801018714905
2004.02.14.16.32.39,0.9996709227561951
2004.02.14.16.42.39,0.9996598958969116
2004.02.14.16.52.39,0.9996539950370789
2004.02.14.17.02.39,0.9996602535247803
2004.02.14.17.12.39,0.9996818900108337
2004.02.14.17.22.39,0.9997152090072632
2004.02.14.17.32.39,0.9997503161430359
2004.02.14.17.42.39,0.9997735619544983
2004.02.14.17.52.39,0.9997722506523132
2004.02.14.18.02.39,0.999739408493042
2004.02.14.18.12.39,0.9996780157089233
2004.02.14.18.22.39,0.9996020197868347
2004.02.14.18.32.39,0.9995331764221191
2004.02.14.18.42.39,0.9994933009147644
2004.02.14.18.52.39,0.999495267868042
2004.02.14.19.02.39,0.999537467956543
2004.02.14.19.12.39,0.9996041059494019
2004.02.14.19.22.39,0.999672532081604
2004.02.14.19.32.39,0.9997226595878601
2004.02.14.19.42.39,0.9997445940971375
2004.02.14.19.52.39,0.9997413158416748
2004.02.14.20.02.39,0.9997257590293884
2004.02.14.20.12.39,0.9997142553329468
2004.02.14.20.22.39,0.9997186660766602
2004.02.14.20.32.39,0.9997415542602539
2004.02.14.20.42.39,0.9997752904891968
2004.02.14.20.52.39,0.9998060464859009
2004.02.14.21.02.39,0.9998200535774231
2004.02.14.21.12.39,0.9998095631599426
2004.02.14.21.22.39,0.9997761845588684
2004.02.14.21.32.39,0.9997307062149048
2004.02.14.21.42.39,0.9996894598007202
2004.02.14.21.52.39,0.9996680617332458
2004.02.14.22.02.39,0.9996752738952637
2004.02.14.22.12.39,0.9997097849845886
2004.02.14.22.22.39,0.9997614026069641
2004.02.14.22.32.39,0.9998164176940918
2004.02.14.22.42.39,0.9998632073402405
2004.02.14.22.52.39,0.9998958706855774
2004.02.14.23.02.39,0.9999133348464966
2004.02.14.23.12.39,0.9999175071716309
2004.02.14.23.22.39,0.9999109506607056
2004.02.14.23.32.39,0.999896764755249
2004.02.14.23.42.39,0.9998788237571716
2004.02.14.23.52.39,0.9998619556427002
2004.02.15.00.02.39,0.9998503923416138
2004.02.15.00.12.39,0.9998462796211243
2004.02.15.00.22.39,0.9998484253883362
2004.02.15.00.32.39,0.9998535513877869
2004.02.15.00.42.39,0.9998576641082764
2004.02.15.00.52.39,0.9998578429222107
2004.02.15.01.02.39,0.99985271692276
2004.02.15.01.12.39,0.9998425245285034
2004.02.15.01.22.39,0.9998292922973633
2004.02.15.01.32.39,0.9998171925544739
2004.02.15.01.42.39,0.9998115301132202
2004.02.15.01.52.39,0.9998168349266052
2004.02.15.02.02.39,0.9998341202735901
2004.02.15.02.12.39,0.9998595714569092
2004.02.15.02.22.39,0.9998852014541626
2004.02.15.02.32.39,0.9999011158943176
2004.02.15.02.42.39,0.9998986721038818
2004.02.15.02.52.39,0.9998719692230225
2004.02.15.03.02.39,0.9998189806938171
2004.02.15.03.12.39,0.9997413754463196
2004.02.15.03.22.39,0.9996452331542969
2004.02.15.03.32.39,0.9995408654212952
2004.02.15.03.42.39,0.9994430541992188
2004.02.15.03.52.39,0.9993680119514465
2004.02.15.04.02.39,0.9993298649787903
2004.02.15.04.12.39,0.9993357062339783
2004.02.15.04.22.39,0.9993836879730225
2004.02.15.04.32.39,0.9994639754295349
2004.02.15.04.42.39,0.9995624423027039
2004.02.15.04.52.39,0.9996650218963623
2004.02.15.05.02.39,0.9997602105140686
2004.02.15.05.12.39,0.9998403191566467
2004.02.15.05.22.39,0.9999017119407654
2004.02.15.05.32.39,0.9999444484710693
2004.02.15.05.42.39,0.999971330165863
2004.02.15.05.52.39,0.9999865889549255
2004.02.15.06.02.39,0.9999942779541016
2004.02.15.06.12.39,0.9999977946281433
2004.02.15.06.22.39,0.9999991655349731
2004.02.15.06.32.39,0.999999463558197
2004.02.15.06.42.39,0.9999991655349731
2004.02.15.06.52.39,0.9999982118606567
2004.02.15.07.02.39,0.9999962449073792
2004.02.15.07.12.39,0.9999927282333374
2004.02.15.07.22.39,0.9999871850013733
2004.02.15.07.32.39,0.9999791979789734
2004.02.15.07.42.39,0.9999685287475586
2004.02.15.07.52.39,0.9999555349349976
2004.02.15.08.02.39,0.9999408721923828
2004.02.15.08.12.39,0.9999262094497681
2004.02.15.08.22.39,0.9999139308929443
2004.02.15.08.32.39,0.9999067783355713
2004.02.15.08.42.39,0.9999070167541504
2004.02.15.08.52.39,0.9999151229858398
2004.02.15.09.02.39,0.9999294877052307
2004.02.15.09.12.39,0.9999467134475708
2004.02.15.09.22.39,0.9999631643295288
2004.02.15.09.32.39,0.9999759197235107
2004.02.15.09.42.39,0.9999834895133972
2004.02.15.09.52.39,0.9999849796295166
2004.02.15.10.02.39,0.9999798536300659
2004.02.15.10.12.39,0.9999672770500183
2004.02.15.10.22.39,0.9999465346336365
2004.02.15.10.32.39,0.9999174475669861
2004.02.15.10.42.39,0.9998809695243835
2004.02.15.10.52.39,0.9998396635055542
2004.02.15.11.02.39,0.9997975826263428
2004.02.15.11.12.39,0.9997602701187134
2004.02.15.11.22.39,0.9997333288192749
2004.02.15.11.32.39,0.9997202754020691
2004.02.15.11.42.39,0.9997196197509766
2004.02.15.11.52.39,0.9997236132621765
2004.02.15.12.02.39,0.9997199773788452
2004.02.15.12.12.39,0.9996975064277649
2004.02.15.12.22.39,0.999652087688446
2004.02.15.12.32.39,0.9995896220207214
2004.02.15.12.42.39,0.9995229840278625
2004.02.15.12.52.39,0.9994641542434692
2004.02.15.13.02.39,0.9994170665740967
2004.02.15.13.12.39,0.9993749260902405
2004.02.15.13.22.39,0.9993250966072083
2004.02.15.13.32.39,0.9992581605911255
2004.02.15.13.42.39,0.9991743564605713
2004.02.15.13.52.39,0.9990839958190918
2004.02.15.14.02.39,0.9990004301071167
2004.02.15.14.12.39,0.9989326596260071
2004.02.15.14.22.39,0.9988812804222107
2004.02.15.14.32.39,0.9988423585891724
2004.02.15.14.42.39,0.9988157749176025
2004.02.15.14.52.39,0.9988100528717041
2004.02.15.15.02.39,0.9988408088684082
2004.02.15.15.12.39,0.9989213943481445
2004.02.15.15.22.39,0.9990533590316772
2004.02.15.15.32.39,0.9992223381996155
2004.02.15.15.42.39,0.9994021058082581
2004.02.15.15.52.39,0.999564528465271
2004.02.15.16.02.39,0.9996888041496277
2004.02.15.16.12.39,0.9997664093971252
2004.02.15.16.22.39,0.9998000264167786
2004.02.15.16.32.39,0.9997988343238831
2004.02.15.16.42.39,0.999774158000946
2004.02.15.16.52.39,0.9997378587722778
2004.02.15.17.02.39,0.9997017979621887
2004.02.15.17.12.39,0.9996775388717651
2004.02.15.17.22.39,0.9996745586395264
2004.02.15.17.32.39,0.9996967911720276
2004.02.15.17.42.39,0.9997411966323853
2004.02.15.17.52.39,0.9997984766960144
2004.02.15.18.02.39,0.9998573660850525
2004.02.15.18.12.39,0.9999079704284668
2004.02.15.18.22.39,0.9999448657035828
2004.02.15.18.32.39,0.999966561794281
2004.02.15.18.42.39,0.9999735355377197
2004.02.15.18.52.39,0.9999667406082153
2004.02.15.19.02.39,0.9999465346336365
2004.02.15.19.12.39,0.99991375207901
2004.02.15.19.22.39,0.9998714923858643
2004.02.15.19.32.39,0.9998258948326111
2004.02.15.19.42.39,0.9997851252555847
2004.02.15.19.52.39,0.9997560381889343
2004.02.15.20.02.39,0.9997414946556091
2004.02.15.20.12.39,0.9997392892837524
2004.02.15.20.22.39,0.9997439980506897
2004.02.15.20.32.39,0.9997498989105225
2004.02.15.20.42.39,0.9997535943984985
2004.02.15.20.52.39,0.9997546076774597
2004.02.15.21.02.39,0.9997541308403015
2004.02.15.21.12.39,0.999753475189209
2004.02.15.21.22.39,0.9997513890266418
2004.02.15.21.32.39,0.9997425079345703
2004.02.15.21.42.39,0.9997170567512512
2004.02.15.21.52.39,0.9996641278266907
2004.02.15.22.02.39,0.9995762705802917
2004.02.15.22.12.39,0.9994535446166992
2004.02.15.22.22.39,0.9993050694465637
2004.02.15.22.32.39,0.9991467595100403
2004.02.15.22.42.39,0.9989966154098511
2004.02.15.22.52.39,0.9988691806793213
2004.02.15.23.02.39,0.9987717866897583
2004.02.15.23.12.39,0.9987043738365173
2004.02.15.23.22.39,0.9986635446548462
2004.02.15.23.32.39,0.9986491799354553
2004.02.15.23.42.39,0.9986674785614014
2004.02.15.23.52.39,0.9987272620201111
2004.02.16.00.02.39,0.9988305568695068
2004.02.16.00.12.39,0.9989648461341858
2004.02.16.00.22.39,0.9991028308868408
2004.02.16.00.32.39,0.9992103576660156
2004.02.16.00.42.39,0.9992579817771912
2004.02.16.00.52.39,0.9992283582687378
2004.02.16.01.02.39,0.9991205334663391
2004.02.16.01.12.39,0.9989486336708069
2004.02.16.01.22.39,0.9987409710884094
2004.02.16.01.32.39,0.9985350966453552
2004.02.16.01.42.39,0.998368501663208
2004.02.16.01.52.39,0.9982636570930481
2004.02.16.02.02.39,0.9982122778892517
2004.02.16.02.12.39,0.9981668591499329
2004.02.16.02.22.39,0.9980478882789612
2004.02.16.02.32.39,0.9977654814720154
2004.02.16.02.42.39,0.9972509145736694
2004.02.16.02.52.39,0.9964849352836609
2004.02.16.03.02.39,0.9955111742019653
2004.02.16.03.12.39,0.9944259524345398
2004.02.16.03.22.39,0.993348240852356
2004.02.16.03.32.39,0.9923830032348633
2004.02.16.03.42.39,0.9915949106216431
2004.02.16.03.52.39,0.9910020232200623
2004.02.16.04.02.39,0.9905855059623718
2004.02.16.04.12.39,0.9903023838996887
2004.02.16.04.22.39,0.9900962114334106
2004.02.16.04.32.39,0.989905834197998
2004.02.16.04.42.39,0.9896783232688904
2004.02.16.04.52.39,0.9893818497657776
2004.02.16.05.02.39,0.9890121817588806
2004.02.16.05.12.39,0.9885883331298828
2004.02.16.05.22.39,0.988140881061554
2004.02.16.05.32.39,0.9877013564109802
2004.02.16.05.42.39,0.9872965812683105
2004.02.16.05.52.39,0.9869459867477417
2004.02.16.06.02.39,0.9866576194763184
2004.02.16.06.12.39,0.9864237308502197
2004.02.16.06.22.39,0.9862217307090759
2004.02.16.06.32.39,0.9860244393348694
2004.02.16.06.42.39,0.9858129620552063
2004.02.16.06.52.39,0.9855851531028748
2004.02.16.07.02.39,0.9853527545928955
2004.02.16.07.12.39,0.9851320385932922
2004.02.16.07.22.39,0.9849354028701782
2004.02.16.07.32.39,0.9847701787948608
2004.02.16.07.42.39,0.9846408367156982
2004.02.16.07.52.39,0.9845518469810486
2004.02.16.08.02.39,0.984505295753479
2004.02.16.08.12.39,0.9844968914985657
2004.02.16.08.22.39,0.9845136404037476
2004.02.16.08.32.39,0.9845338463783264
2004.02.16.08.42.39,0.9845307469367981
2004.02.16.08.52.39,0.9844781756401062
2004.02.16.09.02.39,0.9843586087226868
2004.02.16.09.12.39,0.9841706156730652
2004.02.16.09.22.39,0.9839310646057129
2004.02.16.09.32.39,0.9836698174476624
2004.02.16.09.42.39,0.9834163188934326
2004.02.16.09.52.39,0.9831867814064026
2004.02.16.10.02.39,0.9829763174057007
2004.02.16.10.12.39,0.9827632904052734
2004.02.16.10.22.39,0.9825201630592346
2004.02.16.10.32.39,0.9822275638580322
2004.02.16.10.42.39,0.9818840622901917
2004.02.16.10.52.39,0.981509804725647
2004.02.16.11.02.39,0.981139600276947
2004.02.16.11.12.39,0.9808107018470764
2004.02.16.11.22.39,0.980549156665802
2004.02.16.11.32.39,0.9803616404533386
2004.02.16.11.42.39,0.980236291885376
2004.02.16.11.52.39,0.9801516532897949
2004.02.16.12.02.39,0.9800888299942017
2004.02.16.12.12.39,0.9800391793251038
2004.02.16.12.22.39,0.9800028800964355
2004.02.16.12.32.39,0.9799801707267761
2004.02.16.12.42.39,0.9799630045890808
2004.02.16.12.52.39,0.9799344539642334
2004.02.16.13.02.39,0.9798760414123535
2004.02.16.13.12.39,0.9797791242599487
2004.02.16.13.22.39,0.97965008020401
2004.02.16.13.32.39,0.9795057773590088
2004.02.16.13.42.39,0.9793610572814941
2004.02.16.13.52.39,0.9792177677154541
2004.02.16.14.02.39,0.9790627956390381
2004.02.16.14.12.39,0.978875458240509
2004.02.16.14.22.39,0.9786390662193298
2004.02.16.14.32.39,0.9783481359481812
2004.02.16.14.42.39,0.9780068397521973
2004.02.16.14.52.39,0.9776214361190796
2004.02.16.15.02.39,0.9771935343742371
2004.02.16.15.12.39,0.9767205715179443
2004.02.16.15.22.39,0.976202130317688
2004.02.16.15.32.39,0.9756478667259216
2004.02.16.15.42.39,0.9750798344612122
2004.02.16.15.52.39,0.9745280742645264
2004.02.16.16.02.39,0.9740219116210938
2004.02.16.16.12.39,0.9735824465751648
2004.02.16.16.22.39,0.9732211828231812
2004.02.16.16.32.39,0.9729436039924622
2004.02.16.16.42.39,0.9727540016174316
2004.02.16.16.52.39,0.9726541042327881
2004.02.16.17.02.39,0.9726355671882629
2004.02.16.17.12.39,0.972672700881958
2004.02.16.17.22.39,0.9727219343185425
2004.02.16.17.32.39,0.9727334380149841
2004.02.16.17.42.39,0.9726693630218506
2004.02.16.17.52.39,0.9725199341773987
2004.02.16.18.02.39,0.9723066091537476
2004.02.16.18.12.39,0.9720726609230042
2004.02.16.18.22.39,0.9718661308288574
2004.02.16.18.32.39,0.9717236757278442
2004.02.16.18.42.39,0.971660852432251
2004.02.16.18.52.39,0.9716694951057434
2004.02.16.19.02.39,0.9717226624488831
2004.02.16.19.12.39,0.9717844724655151
2004.02.16.19.22.39,0.9718225598335266
2004.02.16.19.32.39,0.9718162417411804
2004.02.16.19.42.39,0.9717580080032349
2004.02.16.19.52.39,0.971648097038269
2004.02.16.20.02.39,0.9714874625205994
2004.02.16.20.12.39,0.9712746739387512
2004.02.16.20.22.39,0.9710062742233276
2004.02.16.20.32.39,0.9706810712814331
2004.02.16.20.42.39,0.9703028202056885
2004.02.16.20.52.39,0.9698823690414429
2004.02.16.21.02.39,0.9694361686706543
2004.02.16.21.12.39,0.9689774513244629
2004.02.16.21.22.39,0.9684988856315613
2004.02.16.21.32.39,0.9679574370384216
2004.02.16.21.42.39,0.9672764539718628
2004.02.16.21.52.39,0.9663735628128052
2004.02.16.22.02.39,0.965206503868103
2004.02.16.22.12.39,0.9638109803199768
2004.02.16.22.22.39,0.9623050689697266
2004.02.16.22.32.39,0.9608532786369324
2004.02.16.22.42.39,0.9596089720726013
2004.02.16.22.52.39,0.9586656093597412
2004.02.16.23.02.39,0.9580385684967041
2004.02.16.23.12.39,0.9576793909072876
2004.02.16.23.22.39,0.9575071930885315
2004.02.16.23.32.39,0.9574397802352905
2004.02.16.23.42.39,0.9574126601219177
2004.02.16.23.52.39,0.9573858380317688
2004.02.17.00.02.39,0.9573413133621216
2004.02.17.00.12.39,0.9572778344154358
2004.02.17.00.22.39,0.9572046995162964
2004.02.17.00.32.39,0.9571359157562256
2004.02.17.00.42.39,0.9570851922035217
2004.02.17.00.52.39,0.9570611119270325
2004.02.17.01.02.39,0.9570667147636414
2004.02.17.01.12.39,0.9571012258529663
2004.02.17.01.22.39,0.9571651816368103
2004.02.17.01.32.39,0.9572645425796509
2004.02.17.01.42.39,0.9574109315872192
2004.02.17.01.52.39,0.9576171040534973
2004.02.17.02.02.39,0.9578894376754761
2004.02.17.02.12.39,0.9582169651985168
2004.02.17.02.22.39,0.9585657715797424
2004.02.17.02.32.39,0.9588831067085266
2004.02.17.02.42.39,0.9591148495674133
2004.02.17.02.52.39,0.9592277407646179
2004.02.17.03.02.39,0.9592225551605225
2004.02.17.03.12.39,0.9591289162635803
2004.02.17.03.22.39,0.958986222743988
2004.02.17.03.32.39,0.9588214159011841
2004.02.17.03.42.39,0.9586377143859863
2004.02.17.03.52.39,0.9584205746650696
2004.02.17.04.02.39,0.9581537842750549
2004.02.17.04.12.39,0.9578365087509155
2004.02.17.04.22.39,0.9574905037879944
2004.02.17.04.32.39,0.9571533203125
2004.02.17.04.42.39,0.9568609595298767
2004.02.17.04.52.39,0.956628680229187
2004.02.17.05.02.39,0.9564423561096191
2004.02.17.05.12.39,0.9562656283378601
2004.02.17.05.22.39,0.956059992313385
2004.02.17.05.32.39,0.9558002352714539
2004.02.17.05.42.39,0.9554791450500488
2004.02.17.05.52.39,0.9550827145576477
2004.02.17.06.02.39,0.9545496106147766
2004.02.17.06.12.39,0.9537221789360046
2004.02.17.06.22.39,0.9523041248321533
2004.02.17.06.32.39,0.949847400188446
2004.02.17.06.42.39,0.9457961320877075
2004.02.17.06.52.39,0.9396175146102905
2004.02.17.07.02.39,0.9310156106948853
2004.02.17.07.12.39,0.9201536774635315
2004.02.17.07.22.39,0.9077638387680054
2004.02.17.07.32.39,0.8950374722480774
2004.02.17.07.42.39,0.883301854133606
2004.02.17.07.52.39,0.8736227750778198
2004.02.17.08.02.39,0.8665223121643066
2004.02.17.08.12.39,0.861935019493103
2004.02.17.08.22.39,0.8593788743019104
2004.02.17.08.32.39,0.8582185506820679
2004.02.17.08.42.39,0.8578857183456421
2004.02.17.08.52.39,0.8579890131950378
2004.02.17.09.02.39,0.8583188056945801
2004.02.17.09.12.39,0.8587934970855713
2004.02.17.09.22.39,0.8593913316726685
2004.02.17.09.32.39,0.8601000308990479
2004.02.17.09.42.39,0.8608903288841248
2004.02.17.09.52.39,0.8617116212844849
2004.02.17.10.02.39,0.8625074028968811
2004.02.17.10.12.39,0.8632283806800842
2004.02.17.10.22.39,0.8638390898704529
2004.02.17.10.32.39,0.8643139004707336
2004.02.17.10.42.39,0.8646347522735596
2004.02.17.10.52.39,0.8647976517677307
2004.02.17.11.02.39,0.8648301959037781
2004.02.17.11.12.39,0.8648042678833008
2004.02.17.11.22.39,0.8648337721824646
2004.02.17.11.32.39,0.8650515079498291
2004.02.17.11.42.39,0.865575909614563
2004.02.17.11.52.39,0.8664835691452026
2004.02.17.12.02.39,0.867797315120697
2004.02.17.12.12.39,0.8694879412651062
2004.02.17.12.22.39,0.8714893460273743
2004.02.17.12.32.39,0.8737225532531738
2004.02.17.12.42.39,0.8761214017868042
2004.02.17.12.52.39,0.8786470293998718
2004.02.17.13.02.39,0.8812811374664307
2004.02.17.13.12.39,0.8840011358261108
2004.02.17.13.22.39,0.8867568373680115
2004.02.17.13.32.39,0.8894672393798828
2004.02.17.13.42.39,0.8920422792434692
2004.02.17.13.52.39,0.8944116830825806
2004.02.17.14.02.39,0.8965375423431396
2004.02.17.14.12.39,0.898408055305481
2004.02.17.14.22.39,0.9000252485275269
2004.02.17.14.32.39,0.9014010429382324
2004.02.17.14.42.39,0.9025648832321167
2004.02.17.14.52.39,0.9035674929618835
2004.02.17.15.02.39,0.9044784307479858
2004.02.17.15.12.39,0.9053773283958435
2004.02.17.15.22.39,0.9063485264778137
2004.02.17.15.32.39,0.907478928565979
2004.02.17.15.42.39,0.9088512659072876
2004.02.17.15.52.39,0.9105309844017029
2004.02.17.16.02.39,0.912546694278717
2004.02.17.16.12.39,0.914878785610199
2004.02.17.16.22.39,0.9174634218215942
2004.02.17.16.32.39,0.9202121496200562
2004.02.17.16.42.39,0.9230406880378723
2004.02.17.16.52.39,0.9258907437324524
2004.02.17.17.02.39,0.9287351965904236
2004.02.17.17.12.39,0.9315630793571472
2004.02.17.17.22.39,0.9343571066856384
2004.02.17.17.32.39,0.9370762705802917
2004.02.17.17.42.39,0.9396569132804871
2004.02.17.17.52.39,0.9420284032821655
2004.02.17.18.02.39,0.9441388845443726
2004.02.17.18.12.39,0.9459741115570068
2004.02.17.18.22.39,0.9475619792938232
2004.02.17.18.32.39,0.9489601850509644
2004.02.17.18.42.39,0.9502333402633667
2004.02.17.18.52.39,0.9514302611351013
2004.02.17.19.02.39,0.9525738954544067
2004.02.17.19.12.39,0.9536645412445068
2004.02.17.19.22.39,0.9546942710876465
2004.02.17.19.32.39,0.9556618332862854
2004.02.17.19.42.39,0.956582248210907
2004.02.17.19.52.39,0.9574834704399109
2004.02.17.20.02.39,0.9583932757377625
2004.02.17.20.12.39,0.9593222737312317
2004.02.17.20.22.39,0.9602532386779785
2004.02.17.20.32.39,0.9611442685127258
2004.02.17.20.42.39,0.9619424343109131
2004.02.17.20.52.39,0.9626016020774841
2004.02.17.21.02.39,0.9630936980247498
2004.02.17.21.12.39,0.9634113311767578
2004.02.17.21.22.39,0.9635637998580933
2004.02.17.21.32.39,0.9635688066482544
2004.02.17.21.42.39,0.963443398475647
2004.02.17.21.52.39,0.9631972312927246
2004.02.17.22.02.39,0.962831437587738
2004.02.17.22.12.39,0.9623461961746216
2004.02.17.22.22.39,0.9617539644241333
2004.02.17.22.32.39,0.9610877633094788
2004.02.17.22.42.39,0.96039879322052
2004.02.17.22.52.39,0.9597398042678833
2004.02.17.23.02.39,0.9591453075408936
2004.02.17.23.12.39,0.9586184024810791
2004.02.17.23.22.39,0.9581335186958313
2004.02.17.23.32.39,0.9576509594917297
2004.02.17.23.42.39,0.9571349024772644
2004.02.17.23.52.39,0.9565637111663818
2004.02.18.00.02.39,0.9559321999549866
2004.02.18.00.12.39,0.9552473425865173
2004.02.18.00.22.39,0.9545271992683411
2004.02.18.00.32.39,0.9538004994392395
2004.02.18.00.42.39,0.9531055688858032
2004.02.18.00.52.39,0.952484667301178
2004.02.18.01.02.39,0.9519733786582947
2004.02.18.01.12.39,0.9515892267227173
2004.02.18.01.22.39,0.9513249397277832
2004.02.18.01.32.39,0.9511483907699585
2004.02.18.01.42.39,0.9510082006454468
2004.02.18.01.52.39,0.950846791267395
2004.02.18.02.02.39,0.9506067633628845
2004.02.18.02.12.39,0.9502336382865906
2004.02.18.02.22.39,0.9496673941612244
2004.02.18.02.32.39,0.9488214254379272
2004.02.18.02.42.39,0.9475618600845337
2004.02.18.02.52.39,0.9457025527954102
2004.02.18.03.02.39,0.9430356025695801
2004.02.18.03.12.39,0.9394063949584961
2004.02.18.03.22.39,0.9348061084747314
2004.02.18.03.32.39,0.929434061050415
2004.02.18.03.42.39,0.9236779808998108
2004.02.18.03.52.39,0.9180049896240234
2004.02.18.04.02.39,0.9128118753433228
2004.02.18.04.12.39,0.9083120226860046
2004.02.18.04.22.39,0.9045087695121765
2004.02.18.04.32.39,0.9012502431869507
2004.02.18.04.42.39,0.898319661617279
2004.02.18.04.52.39,0.8955144286155701
2004.02.18.05.02.39,0.8926910161972046
2004.02.18.05.12.39,0.889780580997467
2004.02.18.05.22.39,0.886784553527832
2004.02.18.05.32.39,0.8837596774101257
2004.02.18.05.42.39,0.8807953596115112
2004.02.18.05.52.39,0.877987265586853
2004.02.18.06.02.39,0.8754116892814636
2004.02.18.06.12.39,0.8731117248535156
2004.02.18.06.22.39,0.8710913062095642
2004.02.18.06.32.39,0.8693218231201172
2004.02.18.06.42.39,0.8677564859390259
2004.02.18.06.52.39,0.8663426637649536
2004.02.18.07.02.39,0.8650299310684204
2004.02.18.07.12.39,0.8637740015983582
2004.02.18.07.22.39,0.8625447750091553
2004.02.18.07.32.39,0.8613503575325012
2004.02.18.07.42.39,0.8602621555328369
2004.02.18.07.52.39,0.8594220876693726
2004.02.18.08.02.39,0.8590056896209717
2004.02.18.08.12.39,0.8591440320014954
2004.02.18.08.22.39,0.859846293926239
2004.02.18.08.32.39,0.8609725832939148
2004.02.18.08.42.39,0.8622860908508301
2004.02.18.08.52.39,0.8635562062263489
2004.02.18.09.02.39,0.8646498918533325
2004.02.18.09.12.39,0.8655577898025513
2004.02.18.09.22.39,0.8663493394851685
2004.02.18.09.32.39,0.8671039938926697
2004.02.18.09.42.39,0.8678752183914185
2004.02.18.09.52.39,0.8687061071395874
2004.02.18.10.02.39,0.8696689605712891
2004.02.18.10.12.39,0.870874285697937
2004.02.18.10.22.39,0.8724265098571777
2004.02.18.10.32.39,0.8743452429771423
2004.02.18.10.42.39,0.876498281955719
2004.02.18.10.52.39,0.8785927295684814
2004.02.18.11.02.39,0.8802411556243896
2004.02.18.11.12.39,0.8810862302780151
2004.02.18.11.22.39,0.8809396028518677
2004.02.18.11.32.39,0.8798803091049194
2004.02.18.11.42.39,0.878261387348175
2004.02.18.11.52.39,0.8766092658042908
2004.02.18.12.02.39,0.8754445314407349
2004.02.18.12.12.39,0.875103771686554
2004.02.18.12.22.39,0.8756445050239563
2004.02.18.12.32.39,0.8768677711486816
2004.02.18.12.42.39,0.8784327507019043
2004.02.18.12.52.39,0.8799930214881897
2004.02.18.13.02.39,0.881290078163147
2004.02.18.13.12.39,0.8821831345558167
2004.02.18.13.22.39,0.8826330304145813
2004.02.18.13.32.39,0.8826747536659241
2004.02.18.13.42.39,0.8824037313461304
2004.02.18.13.52.39,0.8819789290428162
2004.02.18.14.02.39,0.881633996963501
2004.02.18.14.12.39,0.8816786408424377
2004.02.18.14.22.39,0.882479190826416
2004.02.18.14.32.39,0.8843973278999329
2004.02.18.14.42.39,0.887687623500824
2004.02.18.14.52.39,0.8923877477645874
2004.02.18.15.02.39,0.8982533812522888
2004.02.18.15.12.39,0.9047855734825134
2004.02.18.15.22.39,0.9113439917564392
2004.02.18.15.32.39,0.9172948598861694
2004.02.18.15.42.39,0.9221228957176208
2004.02.18.15.52.39,0.9254657030105591
2004.02.18.16.02.39,0.9270796179771423
2004.02.18.16.12.39,0.9267798066139221
2004.02.18.16.22.39,0.9244053363800049
2004.02.18.16.32.39,0.9198417663574219
2004.02.18.16.42.39,0.9131017327308655
2004.02.18.16.52.39,0.9044260382652283
2004.02.18.17.02.39,0.8943498730659485
2004.02.18.17.12.39,0.8836901783943176
2004.02.18.17.22.39,0.8734220266342163
2004.02.18.17.32.39,0.8644756078720093
2004.02.18.17.42.39,0.8575106859207153
2004.02.18.17.52.39,0.8527504205703735
2004.02.18.18.02.39,0.8499518036842346
2004.02.18.18.12.39,0.8485354781150818
2004.02.18.18.22.39,0.8478373885154724
2004.02.18.18.32.39,0.8473628759384155
2004.02.18.18.42.39,0.8469264507293701
2004.02.18.18.52.39,0.84661465883255
2004.02.18.19.02.39,0.8466120362281799
2004.02.18.19.12.39,0.8470131158828735
2004.02.18.19.22.39,0.8477380275726318
2004.02.18.19.32.39,0.848595380783081
2004.02.18.19.42.39,0.8494305610656738
2004.02.18.19.52.39,0.8502573370933533
2004.02.18.20.02.39,0.8512746095657349
2004.02.18.20.12.39,0.852745771408081
2004.02.18.20.22.39,0.8547959923744202
2004.02.18.20.32.39,0.8572402596473694
2004.02.18.20.42.39,0.859518826007843
2004.02.18.20.52.39,0.8608037829399109
2004.02.18.21.02.39,0.8602218627929688
2004.02.18.21.12.39,0.8571028709411621
2004.02.18.21.22.39,0.8511818647384644
2004.02.18.21.32.39,0.8427295088768005
2004.02.18.21.42.39,0.8325995802879333
2004.02.18.21.52.39,0.8221886157989502
2004.02.18.22.02.39,0.8132321834564209
2004.02.18.22.12.39,0.8074150681495667
2004.02.18.22.22.39,0.8058592081069946
2004.02.18.22.32.39,0.8086972236633301
2004.02.18.22.42.39,0.8149585127830505
2004.02.18.22.52.39,0.8228566646575928
2004.02.18.23.02.39,0.8303821682929993
2004.02.18.23.12.39,0.8359602689743042
2004.02.18.23.22.39,0.8389174342155457
2004.02.18.23.32.39,0.8395740985870361
2004.02.18.23.42.39,0.838951051235199
2004.02.18.23.52.39,0.8381770253181458
2004.02.19.00.02.39,0.8378759622573853
2004.02.19.00.12.39,0.8378156423568726
2004.02.19.00.22.39,0.8370379209518433
2004.02.19.00.32.39,0.8343884348869324
2004.02.19.00.42.39,0.8291813731193542
2004.02.19.00.52.39,0.8216131329536438
2004.02.19.01.02.39,0.8126744627952576
2004.02.19.01.12.39,0.8036742210388184
2004.02.19.01.22.39,0.795661985874176
2004.02.19.01.32.39,0.7890771627426147
2004.02.19.01.42.39,0.7837438583374023
2004.02.19.01.52.39,0.779128909111023
2004.02.19.02.02.39,0.7746105194091797
2004.02.19.02.12.39,0.7696288824081421
2004.02.19.02.22.39,0.763667643070221
2004.02.19.02.32.39,0.756187915802002
2004.02.19.02.42.39,0.7465963363647461
2004.02.19.02.52.39,0.7343266010284424
2004.02.19.03.02.39,0.7190061807632446
2004.02.19.03.12.39,0.7006205916404724
2004.02.19.03.22.39,0.6794877052307129
2004.02.19.03.32.39,0.6560751795768738
2004.02.19.03.42.39,0.6307007074356079
2004.02.19.03.52.39,0.6033810377120972
2004.02.19.04.02.39,0.5738372802734375
2004.02.19.04.12.39,0.5418277978897095
2004.02.19.04.22.39,0.5075554251670837
2004.02.19.04.32.39,0.47212448716163635
2004.02.19.04.42.39,0.4377935528755188
2004.02.19.04.52.39,0.40786322951316833
2004.02.19.05.02.39,0.38631191849708557
2004.02.19.05.12.39,0.3772175908088684
2004.02.19.05.22.39,0.38424938917160034
2004.02.19.05.32.39,0.4098453223705292
2004.02.19.05.42.39,0.453899085521698
2004.02.19.05.52.39,0.5120447278022766
2004.02.19.06.02.39,0.5747196674346924
2004.02.19.06.12.39,0.6284103393554688
2004.02.19.06.22.39,0.6595414876937866
