file,health_index,rul_estimate,rul_lower_1sigma,rul_upper_1sigma
2004.02.12.10.32.39,0.9995702505111694,983.0,983.0,983.0
2004.02.12.10.42.39,0.9995115399360656,983.0,983.0,983.0
2004.02.12.10.52.39,0.9994090795516968,983.0,983.0,983.0
2004.02.12.11.02.39,0.9992871284484864,983.0,983.0,983.0
2004.02.12.11.12.39,0.999170184135437,983.0,983.0,983.0
2004.02.12.11.22.39,0.999074935913086,983.0,983.0,983.0
2004.02.12.11.32.39,0.9990063309669496,983.0,983.0,983.0
2004.02.12.11.42.39,0.9989584684371948,983.0,983.0,983.0
2004.02.12.11.52.39,0.9989189505577089,983.0,983.0,983.0
2004.02.12.12.02.39,0.9988746643066406,983.0,983.0,983.0
2004.02.12.12.12.39,0.9988178014755248,983.0,983.0,983.0
2004.02.12.12.22.39,0.9987499117851256,983.0,983.0,983.0
2004.02.12.12.32.39,0.9986828565597534,983.0,983.0,983.0
2004.02.12.12.42.39,0.9986329078674316,983.0,983.0,983.0
2004.02.12.12.52.39,0.9986100792884828,983.0,983.0,983.0
2004.02.12.13.02.39,0.9986082911491394,983.0,983.0,983.0
2004.02.12.13.12.39,0.998604655265808,983.0,983.0,983.0
2004.02.12.13.22.39,0.998569905757904,983.0,983.0,983.0
2004.02.12.13.32.39,0.9984865188598632,983.0,983.0,983.0
2004.02.12.13.42.39,0.9983621835708618,983.0,983.0,983.0
2004.02.12.13.52.39,0.9982311725616456,983.0,983.0,983.0
2004.02.12.14.02.39,0.9981409907341005,983.0,983.0,983.0
2004.02.12.14.12.39,0.9981310367584229,983.0,983.0,983.0
2004.02.12.14.22.39,0.9982135891914368,983.0,983.0,983.0
2004.02.12.14.32.39,0.9983660578727722,983.0,983.0,983.0
2004.02.12.14.42.39,0.998539388179779,983.0,983.0,983.0
2004.02.12.14.52.39,0.9986790418624878,983.0,983.0,983.0
2004.02.12.15.02.39,0.9987481832504272,983.0,983.0,983.0
2004.02.12.15.12.39,0.998742401599884,983.0,983.0,983.0
2004.02.12.15.22.39,0.998687982559204,983.0,983.0,983.0
2004.02.12.15.32.39,0.9986262321472168,983.0,983.0,983.0
2004.02.12.15.42.39,0.998592734336853,983.0,983.0,983.0
2004.02.12.15.52.39,0.9986029267311096,983.0,983.0,983.0
2004.02.12.16.02.39,0.9986498951911926,983.0,983.0,983.0
2004.02.12.16.12.39,0.9987133145332336,983.0,983.0,983.0
2004.02.12.16.22.39,0.9987732768058776,983.0,983.0,983.0
2004.02.12.16.32.39,0.9988198280334472,983.0,983.0,983.0
2004.02.12.16.42.39,0.9988555312156676,983.0,983.0,983.0
2004.02.12.16.52.39,0.9988905787467957,983.0,983.0,983.0
2004.02.12.17.02.39,0.9989355802536012,983.0,983.0,983.0
2004.02.12.17.12.39,0.9989950656890868,983.0,983.0,983.0
2004.02.12.17.22.39,0.99906587600708,983.0,983.0,983.0
2004.02.12.17.32.39,0.9991387128829956,983.0,983.0,983.0
2004.02.12.17.42.39,0.9992023706436156,983.0,983.0,983.0
2004.02.12.17.52.39,0.9992478489875792,983.0,983.0,983.0
2004.02.12.18.02.39,0.9992702603340148,983.0,983.0,983.0
2004.02.12.18.12.39,0.9992687106132508,983.0,983.0,983.0
2004.02.12.18.22.39,0.9992455244064332,983.0,983.0,983.0
2004.02.12.18.32.39,0.9992069005966188,983.0,983.0,983.0
2004.02.12.18.42.39,0.9991644024848938,983.0,983.0,983.0
2004.02.12.18.52.39,0.9991343021392822,983.0,983.0,983.0
2004.02.12.19.02.39,0.9991332292556764,983.0,983.0,983.0
2004.02.12.19.12.39,0.9991708397865297,983.0,983.0,983.0
2004.02.12.19.22.39,0.9992436170578004,983.0,983.0,983.0
2004.02.12.19.32.39,0.9993343353271484,983.0,983.0,983.0
2004.02.12.19.42.39,0.9994184970855712,983.0,983.0,983.0
2004.02.12.19.52.39,0.999473750591278,983.0,983.0,983.0
2004.02.12.20.02.39,0.999488890171051,983.0,983.0,983.0
2004.02.12.20.12.39,0.9994680285453796,983.0,983.0,983.0
2004.02.12.20.22.39,0.9994292259216307,983.0,983.0,983.0
2004.02.12.20.32.39,0.999397873878479,983.0,983.0,983.0
2004.02.12.20.42.39,0.999397039413452,983.0,983.0,983.0
2004.02.12.20.52.39,0.99943870306015,983.0,983.0,983.0
2004.02.12.21.02.39,0.9995197653770448,983.0,983.0,983.0
2004.02.12.21.12.39,0.9996241927146912,983.0,983.0,983.0
2004.02.12.21.22.39,0.9997304081916808,983.0,983.0,983.0
2004.02.12.21.32.39,0.9998189806938172,983.0,983.0,983.0
2004.02.12.21.42.39,0.9998775124549866,983.0,983.0,983.0
2004.02.12.21.52.39,0.9999010562896729,983.0,983.0,983.0
2004.02.12.22.02.39,0.9998905658721924,983.0,983.0,983.0
2004.02.12.22.12.39,0.999851405620575,983.0,983.0,983.0
2004.02.12.22.22.39,0.9997930526733398,983.0,983.0,983.0
2004.02.12.22.32.39,0.9997287392616272,983.0,983.0,983.0
2004.02.12.22.42.39,0.9996737837791444,983.0,983.0,983.0
2004.02.12.22.52.39,0.9996417164802552,983.0,983.0,983.0
2004.02.12.23.02.39,0.9996400475502014,983.0,983.0,983.0
2004.02.12.23.12.39,0.9996680021286012,983.0,983.0,983.0
2004.02.12.23.22.39,0.999717891216278,983.0,983.0,983.0
2004.02.12.23.32.39,0.9997783899307252,983.0,983.0,983.0
2004.02.12.23.42.39,0.999838411808014,983.0,983.0,983.0
2004.02.12.23.52.39,0.999889612197876,983.0,983.0,983.0
2004.02.13.00.02.39,0.9999273419380188,983.0,983.0,983.0
2004.02.13.00.12.39,0.999950110912323,983.0,983.0,983.0
2004.02.13.00.22.39,0.9999580979347228,983.0,983.0,983.0
2004.02.13.00.32.39,0.9999517798423768,983.0,983.0,983.0
2004.02.13.00.42.39,0.9999315142631532,983.0,983.0,983.0
2004.02.13.00.52.39,0.9998982548713684,983.0,983.0,983.0
2004.02.13.01.02.39,0.9998549222946168,983.0,983.0,983.0
2004.02.13.01.12.39,0.9998071193695068,983.0,983.0,983.0
2004.02.13.01.22.39,0.9997621178627014,983.0,983.0,983.0
2004.02.13.01.32.39,0.999726176261902,983.0,983.0,983.0
2004.02.13.01.42.39,0.999701976776123,983.0,983.0,983.0
2004.02.13.01.52.39,0.9996889233589172,983.0,983.0,983.0
2004.02.13.02.02.39,0.9996850490570068,983.0,983.0,983.0
2004.02.13.02.12.39,0.9996896386146544,983.0,983.0,983.0
2004.02.13.02.22.39,0.9997034072875975,983.0,983.0,983.0
2004.02.13.02.32.39,0.999727189540863,983.0,983.0,983.0
2004.02.13.02.42.39,0.9997599124908448,983.0,983.0,983.0
2004.02.13.02.52.39,0.99979829788208,983.0,983.0,983.0
2004.02.13.03.02.39,0.9998379945755004,983.0,983.0,983.0
2004.02.13.03.12.39,0.9998751878738404,983.0,983.0,983.0
2004.02.13.03.22.39,0.9999077916145324,983.0,983.0,983.0
2004.02.13.03.32.39,0.99993497133255,983.0,983.0,983.0
2004.02.13.03.42.39,0.9999563097953796,983.0,983.0,983.0
2004.02.13.03.52.39,0.9999715089797974,983.0,983.0,983.0
2004.02.13.04.02.39,0.9999804496765136,983.0,983.0,983.0
2004.02.13.04.12.39,0.99998277425766,983.0,983.0,983.0
2004.02.13.04.22.39,0.9999781250953674,983.0,983.0,983.0
2004.02.13.04.32.39,0.9999657869338988,983.0,983.0,983.0
2004.02.13.04.42.39,0.9999450445175172,983.0,983.0,983.0
2004.02.13.04.52.39,0.9999151229858398,983.0,983.0,983.0
2004.02.13.05.02.39,0.9998757243156432,983.0,983.0,983.0
2004.02.13.05.12.39,0.9998282194137572,983.0,983.0,983.0
2004.02.13.05.22.39,0.9997761845588684,983.0,983.0,983.0
2004.02.13.05.32.39,0.9997256994247437,983.0,983.0,983.0
2004.02.13.05.42.39,0.9996837377548218,983.0,983.0,983.0
2004.02.13.05.52.39,0.9996545314788818,983.0,983.0,983.0
2004.02.13.06.02.39,0.9996365308761596,983.0,983.0,983.0
2004.02.13.06.12.39,0.999622642993927,983.0,983.0,983.0
2004.02.13.06.22.39,0.9996050000190736,983.0,983.0,983.0
2004.02.13.06.32.39,0.999581217765808,983.0,983.0,983.0
2004.02.13.06.42.39,0.999558448791504,983.0,983.0,983.0
2004.02.13.06.52.39,0.9995502829551696,983.0,983.0,983.0
2004.02.13.07.02.39,0.999569296836853,983.0,983.0,983.0
2004.02.13.07.12.39,0.9996193647384644,983.0,983.0,983.0
2004.02.13.07.22.39,0.9996929168701172,983.0,983.0,983.0
2004.02.13.07.32.39,0.9997746348381042,983.0,983.0,983.0
2004.02.13.07.42.39,0.999848246574402,983.0,983.0,983.0
2004.02.13.07.52.39,0.9999022483825684,983.0,983.0,983.0
2004.02.13.08.02.39,0.9999321103096008,983.0,983.0,983.0
2004.02.13.08.12.39,0.9999385476112366,983.0,983.0,983.0
2004.02.13.08.22.39,0.999926209449768,983.0,983.0,983.0
2004.02.13.08.32.39,0.9999017119407654,983.0,983.0,983.0
2004.02.13.08.42.39,0.9998732805252076,983.0,983.0,983.0
2004.02.13.08.52.39,0.9998497366905212,983.0,983.0,983.0
2004.02.13.09.02.39,0.9998382329940796,983.0,983.0,983.0
2004.02.13.09.12.39,0.99984210729599,983.0,983.0,983.0
2004.02.13.09.22.39,0.9998599886894226,983.0,983.0,983.0
2004.02.13.09.32.39,0.9998869299888612,983.0,983.0,983.0
2004.02.13.09.42.39,0.9999164938926696,983.0,983.0,983.0
2004.02.13.09.52.39,0.9999433159828186,983.0,983.0,983.0
2004.02.13.10.02.39,0.9999639987945556,983.0,983.0,983.0
2004.02.13.10.12.39,0.9999771118164062,983.0,983.0,983.0
2004.02.13.10.22.39,0.9999820590019226,983.0,983.0,983.0
2004.02.13.10.32.39,0.9999778866767884,983.0,983.0,983.0
2004.02.13.10.42.39,0.9999624490737916,983.0,983.0,983.0
2004.02.13.10.52.39,0.9999336004257202,983.0,983.0,983.0
2004.02.13.11.02.39,0.999890387058258,983.0,983.0,983.0
2004.02.13.11.12.39,0.999835193157196,983.0,983.0,983.0
2004.02.13.11.22.39,0.9997739195823668,983.0,983.0,983.0
2004.02.13.11.32.39,0.9997143745422364,983.0,983.0,983.0
2004.02.13.11.42.39,0.9996616840362548,983.0,983.0,983.0
2004.02.13.11.52.39,0.9996157884597778,983.0,983.0,983.0
2004.02.13.12.02.39,0.9995728731155396,983.0,983.0,983.0
2004.02.13.12.12.39,0.9995298385620116,983.0,983.0,983.0
2004.02.13.12.22.39,0.9994899034500122,983.0,983.0,983.0
2004.02.13.12.32.39,0.9994621872901917,983.0,983.0,983.0
2004.02.13.12.42.39,0.999457061290741,983.0,983.0,983.0
2004.02.13.12.52.39,0.9994798302650452,983.0,983.0,983.0
2004.02.13.13.02.39,0.999527871608734,983.0,983.0,983.0
2004.02.13.13.12.39,0.9995929598808287,983.0,983.0,983.0
2004.02.13.13.22.39,0.999665379524231,983.0,983.0,983.0
2004.02.13.13.32.39,0.999736785888672,983.0,983.0,983.0
2004.02.13.13.42.39,0.9998006224632264,983.0,983.0,983.0
2004.02.13.13.52.39,0.9998515844345092,983.0,983.0,983.0
2004.02.13.14.02.39,0.9998860359191896,983.0,983.0,983.0
2004.02.13.14.12.39,0.999902606010437,983.0,983.0,983.0
2004.02.13.14.22.39,0.9999032020568848,983.0,983.0,983.0
2004.02.13.14.32.39,0.9998924732208252,983.0,983.0,983.0
2004.02.13.14.42.39,0.9998764395713806,983.0,983.0,983.0
2004.02.13.14.52.39,0.9998605251312256,983.0,983.0,983.0
2004.02.13.15.02.39,0.999848246574402,983.0,983.0,983.0
2004.02.13.15.12.39,0.9998405575752258,983.0,983.0,983.0
2004.02.13.15.22.39,0.9998368620872498,983.0,983.0,983.0
2004.02.13.15.32.39,0.9998364448547364,983.0,983.0,983.0
2004.02.13.15.42.39,0.9998396039009094,983.0,983.0,983.0
2004.02.13.15.52.39,0.9998473525047302,983.0,983.0,983.0
2004.02.13.16.02.39,0.999858856201172,983.0,983.0,983.0
2004.02.13.16.12.39,0.9998705983161926,983.0,983.0,983.0
2004.02.13.16.22.39,0.9998766779899596,983.0,983.0,983.0
2004.02.13.16.32.39,0.9998708367347716,983.0,983.0,983.0
2004.02.13.16.42.39,0.9998492002487184,983.0,983.0,983.0
2004.02.13.16.52.39,0.9998117685317992,983.0,983.0,983.0
2004.02.13.17.02.39,0.9997626543045044,983.0,983.0,983.0
2004.02.13.17.12.39,0.9997096657752992,983.0,983.0,983.0
2004.02.13.17.22.39,0.999662697315216,983.0,983.0,983.0
2004.02.13.17.32.39,0.9996318817138672,983.0,983.0,983.0
2004.02.13.17.42.39,0.9996241927146912,983.0,983.0,983.0
2004.02.13.17.52.39,0.9996410608291626,983.0,983.0,983.0
2004.02.13.18.02.39,0.9996780157089232,983.0,983.0,983.0
2004.02.13.18.12.39,0.9997268915176392,983.0,983.0,983.0
2004.02.13.18.22.39,0.9997786283493042,983.0,983.0,983.0
2004.02.13.18.32.39,0.999825954437256,983.0,983.0,983.0
2004.02.13.18.42.39,0.99986332654953,983.0,983.0,983.0
2004.02.13.18.52.39,0.9998868107795716,983.0,983.0,983.0
2004.02.13.19.02.39,0.9998935461044312,983.0,983.0,983.0
2004.02.13.19.12.39,0.999883234500885,983.0,983.0,983.0
2004.02.13.19.22.39,0.9998595118522644,983.0,983.0,983.0
2004.02.13.19.32.39,0.9998306632041932,983.0,983.0,983.0
2004.02.13.19.42.39,0.9998075366020204,983.0,983.0,983.0
2004.02.13.19.52.39,0.9997998476028442,983.0,983.0,983.0
2004.02.13.20.02.39,0.999811828136444,983.0,983.0,983.0
2004.02.13.20.12.39,0.999840497970581,983.0,983.0,983.0
2004.02.13.20.22.39,0.9998775720596312,983.0,983.0,983.0
2004.02.13.20.32.39,0.9999126195907592,983.0,983.0,983.0
2004.02.13.20.42.39,0.9999372959136964,983.0,983.0,983.0
2004.02.13.20.52.39,0.9999464154243468,983.0,983.0,983.0
2004.02.13.21.02.39,0.9999379515647888,983.0,983.0,983.0
2004.02.13.21.12.39,0.9999121427536012,983.0,983.0,983.0
2004.02.13.21.22.39,0.9998709559440612,983.0,983.0,983.0
2004.02.13.21.32.39,0.999818742275238,983.0,983.0,983.0
2004.02.13.21.42.39,0.9997626543045044,983.0,983.0,983.0
2004.02.13.21.52.39,0.9997118711471558,983.0,983.0,983.0
2004.02.13.22.02.39,0.999675452709198,983.0,983.0,983.0
2004.02.13.22.12.39,0.9996589422225952,983.0,983.0,983.0
2004.02.13.22.22.39,0.9996623992919922,983.0,983.0,983.0
2004.02.13.22.32.39,0.999680995941162,983.0,983.0,983.0
2004.02.13.22.42.39,0.9997084140777588,983.0,983.0,983.0
2004.02.13.22.52.39,0.999740183353424,983.0,983.0,983.0
2004.02.13.23.02.39,0.9997748136520386,983.0,983.0,983.0
2004.02.13.23.12.39,0.9998117089271544,983.0,983.0,983.0
2004.02.13.23.22.39,0.9998487830162048,983.0,983.0,983.0
2004.02.13.23.32.39,0.999881148338318,983.0,983.0,983.0
2004.02.13.23.42.39,0.9999032020568848,983.0,983.0,983.0
2004.02.13.23.52.39,0.999910831451416,983.0,983.0,983.0
2004.02.14.00.02.39,0.9999037384986876,983.0,983.0,983.0
2004.02.14.00.12.39,0.9998855590820312,983.0,983.0,983.0
2004.02.14.00.22.39,0.9998618364334106,983.0,983.0,983.0
2004.02.14.00.32.39,0.9998373985290528,983.0,983.0,983.0
2004.02.14.00.42.39,0.9998143911361694,983.0,983.0,983.0
2004.02.14.00.52.39,0.9997916221618652,983.0,983.0,983.0
2004.02.14.01.02.39,0.9997660517692566,983.0,983.0,983.0
2004.02.14.01.12.39,0.9997354745864868,983.0,983.0,983.0
2004.02.14.01.22.39,0.9997006058692932,983.0,983.0,983.0
2004.02.14.01.32.39,0.9996665716171264,983.0,983.0,983.0
2004.02.14.01.42.39,0.9996416568756104,983.0,983.0,983.0
2004.02.14.01.52.39,0.9996342658996582,983.0,983.0,983.0
2004.02.14.02.02.39,0.9996493458747864,983.0,983.0,983.0
2004.02.14.02.12.39,0.9996853470802308,983.0,983.0,983.0
2004.02.14.02.22.39,0.9997344017028807,983.0,983.0,983.0
2004.02.14.02.32.39,0.999785304069519,983.0,983.0,983.0
2004.02.14.02.42.39,0.9998279809951782,983.0,983.0,983.0
2004.02.14.02.52.39,0.9998570084571838,983.0,983.0,983.0
2004.02.14.03.02.39,0.9998728036880492,983.0,983.0,983.0
2004.02.14.03.12.39,0.9998794794082642,983.0,983.0,983.0
2004.02.14.03.22.39,0.9998815655708312,983.0,983.0,983.0
2004.02.14.03.32.39,0.9998809099197388,983.0,983.0,983.0
2004.02.14.03.42.39,0.999876081943512,983.0,983.0,983.0
2004.02.14.03.52.39,0.9998642802238464,983.0,983.0,983.0
2004.02.14.04.02.39,0.99984472990036,983.0,983.0,983.0
2004.02.14.04.12.39,0.999821126461029,983.0,983.0,983.0
2004.02.14.04.22.39,0.9998006820678712,983.0,983.0,983.0
2004.02.14.04.32.39,0.9997904300689696,983.0,983.0,983.0
2004.02.14.04.42.39,0.9997925758361816,983.0,983.0,983.0
2004.02.14.04.52.39,0.9998030066490172,983.0,983.0,983.0
2004.02.14.05.02.39,0.999813675880432,983.0,983.0,983.0
2004.02.14.05.12.39,0.9998176097869872,983.0,983.0,983.0
2004.02.14.05.22.39,0.9998129606246948,983.0,983.0,983.0
2004.02.14.05.32.39,0.9998029470443726,983.0,983.0,983.0
2004.02.14.05.42.39,0.9997923970222472,983.0,983.0,983.0
2004.02.14.05.52.39,0.999783217906952,983.0,983.0,983.0
2004.02.14.06.02.39,0.9997735619544984,983.0,983.0,983.0
2004.02.14.06.12.39,0.9997598528862,983.0,983.0,983.0
2004.02.14.06.22.39,0.9997414946556092,983.0,983.0,983.0
2004.02.14.06.32.39,0.9997225403785706,983.0,983.0,983.0
2004.02.14.06.42.39,0.9997097253799438,983.0,983.0,983.0
2004.02.14.06.52.39,0.9997068643569946,983.0,983.0,983.0
2004.02.14.07.02.39,0.9997113943099976,983.0,983.0,983.0
2004.02.14.07.12.39,0.9997138381004332,983.0,983.0,983.0
2004.02.14.07.22.39,0.9997018575668336,983.0,983.0,983.0
2004.02.14.07.32.39,0.9996663331985474,983.0,983.0,983.0
2004.02.14.07.42.39,0.9996052980422974,983.0,983.0,983.0
2004.02.14.07.52.39,0.9995256066322328,983.0,983.0,983.0
2004.02.14.08.02.39,0.9994412064552308,983.0,983.0,983.0
2004.02.14.08.12.39,0.9993699193000792,983.0,983.0,983.0
2004.02.14.08.22.39,0.9993286728858948,983.0,983.0,983.0
2004.02.14.08.32.39,0.9993290305137634,983.0,983.0,983.0
2004.02.14.08.42.39,0.9993733763694764,983.0,983.0,983.0
2004.02.14.08.52.39,0.9994535446166992,983.0,983.0,983.0
2004.02.14.09.02.39,0.9995532631874084,983.0,983.0,983.0
2004.02.14.09.12.39,0.9996535181999208,983.0,983.0,983.0
2004.02.14.09.22.39,0.9997389912605286,983.0,983.0,983.0
2004.02.14.09.32.39,0.9998023509979248,983.0,983.0,983.0
2004.02.14.09.42.39,0.99984472990036,983.0,983.0,983.0
2004.02.14.09.52.39,0.999872863292694,983.0,983.0,983.0
2004.02.14.10.02.39,0.9998939633369446,983.0,983.0,983.0
2004.02.14.10.12.39,0.9999123811721802,983.0,983.0,983.0
2004.02.14.10.22.39,0.999928057193756,983.0,983.0,983.0
2004.02.14.10.32.39,0.9999376535415648,983.0,983.0,983.0
2004.02.14.10.42.39,0.9999362230300904,983.0,983.0,983.0
2004.02.14.10.52.39,0.9999194741249084,983.0,983.0,983.0
2004.02.14.11.02.39,0.9998852014541626,983.0,983.0,983.0
2004.02.14.11.12.39,0.999833881855011,983.0,983.0,983.0
2004.02.14.11.22.39,0.9997690320014954,983.0,983.0,983.0
2004.02.14.11.32.39,0.9996960163116456,983.0,983.0,983.0
2004.02.14.11.42.39,0.9996209144592284,983.0,983.0,983.0
2004.02.14.11.52.39,0.9995496273040771,983.0,983.0,983.0
2004.02.14.12.02.39,0.999488115310669,983.0,983.0,983.0
2004.02.14.12.12.39,0.9994426369667052,983.0,983.0,983.0
2004.02.14.12.22.39,0.9994194507598876,983.0,983.0,983.0
2004.02.14.12.32.39,0.999422252178192,983.0,983.0,983.0
2004.02.14.12.42.39,0.999450147151947,983.0,983.0,983.0
2004.02.14.12.52.39,0.9994966983795166,983.0,983.0,983.0
2004.02.14.13.02.39,0.9995525479316713,983.0,983.0,983.0
2004.02.14.13.12.39,0.9996074438095092,983.0,983.0,983.0
2004.02.14.13.22.39,0.9996526837348938,983.0,983.0,983.0
2004.02.14.13.32.39,0.9996817111968994,983.0,983.0,983.0
2004.02.14.13.42.39,0.999691128730774,983.0,983.0,983.0
2004.02.14.13.52.39,0.9996827840805054,983.0,983.0,983.0
2004.02.14.14.02.39,0.999664306640625,983.0,983.0,983.0
2004.02.14.14.12.39,0.999646782875061,983.0,983.0,983.0
2004.02.14.14.22.39,0.9996397495269777,983.0,983.0,983.0
2004.02.14.14.32.39,0.999646544456482,983.0,983.0,983.0
2004.02.14.14.42.39,0.999663472175598,983.0,983.0,983.0
2004.02.14.14.52.39,0.9996829032897948,983.0,983.0,983.0
2004.02.14.15.02.39,0.9996979236602784,983.0,983.0,983.0
2004.02.14.15.12.39,0.9997050166130066,983.0,983.0,983.0
2004.02.14.15.22.39,0.9997044205665588,983.0,983.0,983.0
2004.02.14.15.32.39,0.9996989965438844,983.0,983.0,983.0
2004.02.14.15.42.39,0.999692440032959,983.0,983.0,983.0
2004.02.14.15.52.39,0.9996878504753112,983.0,983.0,983.0
2004.02.14.16.02.39,0.9996860027313232,983.0,983.0,983.0
2004.02.14.16.12.39,0.9996845722198486,983.0,983.0,983.0
2004.02.14.16.22.39,0.9996801018714904,983.0,983.0,983.0
2004.02.14.16.32.39,0.9996709227561952,983.0,983.0,983.0
2004.02.14.16.42.39,0.9996598958969116,983.0,983.0,983.0
2004.02.14.16.52.39,0.9996539950370787,983.0,983.0,983.0
2004.02.14.17.02.39,0.9996602535247804,983.0,983.0,983.0
2004.02.14.17.12.39,0.9996818900108336,983.0,983.0,983.0
2004.02.14.17.22.39,0.9997152090072632,983.0,983.0,983.0
2004.02.14.17.32.39,0.999750316143036,983.0,983.0,983.0
2004.02.14.17.42.39,0.9997735619544984,983.0,983.0,983.0
2004.02.14.17.52.39,0.9997722506523132,983.0,983.0,983.0
2004.02.14.18.02.39,0.999739408493042,983.0,983.0,983.0
2004.02.14.18.12.39,0.9996780157089232,983.0,983.0,983.0
2004.02.14.18.22.39,0.9996020197868348,983.0,983.0,983.0
2004.02.14.18.32.39,0.9995331764221193,983.0,983.0,983.0
2004.02.14.18.42.39,0.9994933009147644,983.0,983.0,983.0
2004.02.14.18.52.39,0.999495267868042,983.0,983.0,983.0
2004.02.14.19.02.39,0.999537467956543,983.0,983.0,983.0
2004.02.14.19.12.39,0.999604105949402,983.0,983.0,983.0
2004.02.14.19.22.39,0.999672532081604,983.0,983.0,983.0
2004.02.14.19.32.39,0.99972265958786,983.0,983.0,983.0
2004.02.14.19.42.39,0.9997445940971376,983.0,983.0,983.0
2004.02.14.19.52.39,0.9997413158416748,983.0,983.0,983.0
2004.02.14.20.02.39,0.9997257590293884,983.0,983.0,983.0
2004.02.14.20.12.39,0.9997142553329468,983.0,983.0,983.0
2004.02.14.20.22.39,0.9997186660766602,983.0,983.0,983.0
2004.02.14.20.32.39,0.999741554260254,983.0,983.0,983.0
2004.02.14.20.42.39,0.9997752904891968,983.0,983.0,983.0
2004.02.14.20.52.39,0.9998060464859008,983.0,983.0,983.0
2004.02.14.21.02.39,0.9998200535774232,983.0,983.0,983.0
2004.02.14.21.12.39,0.9998095631599426,983.0,983.0,983.0
2004.02.14.21.22.39,0.9997761845588684,983.0,983.0,983.0
2004.02.14.21.32.39,0.9997307062149048,983.0,983.0,983.0
2004.02.14.21.42.39,0.9996894598007202,983.0,983.0,983.0
2004.02.14.21.52.39,0.9996680617332458,983.0,983.0,983.0
2004.02.14.22.02.39,0.9996752738952636,983.0,983.0,983.0
2004.02.14.22.12.39,0.9997097849845886,983.0,983.0,983.0
2004.02.14.22.22.39,0.999761402606964,983.0,983.0,983.0
2004.02.14.22.32.39,0.9998164176940918,983.0,983.0,983.0
2004.02.14.22.42.39,0.9998632073402404,983.0,983.0,983.0
2004.02.14.22.52.39,0.9998958706855774,983.0,983.0,983.0
2004.02.14.23.02.39,0.9999133348464966,983.0,983.0,983.0
2004.02.14.23.12.39,0.9999175071716307,983.0,983.0,983.0
2004.02.14.23.22.39,0.9999109506607056,983.0,983.0,983.0
2004.02.14.23.32.39,0.999896764755249,983.0,983.0,983.0
2004.02.14.23.42.39,0.9998788237571716,983.0,983.0,983.0
2004.02.14.23.52.39,0.9998619556427002,983.0,983.0,983.0
2004.02.15.00.02.39,0.9998503923416138,983.0,983.0,983.0
2004.02.15.00.12.39,0.9998462796211244,983.0,983.0,983.0
2004.02.15.00.22.39,0.9998484253883362,983.0,983.0,983.0
2004.02.15.00.32.39,0.9998535513877868,983.0,983.0,983.0
2004.02.15.00.42.39,0.9998576641082764,983.0,983.0,983.0
2004.02.15.00.52.39,0.9998578429222108,983.0,983.0,983.0
2004.02.15.01.02.39,0.99985271692276,983.0,983.0,983.0
2004.02.15.01.12.39,0.9998425245285034,983.0,983.0,983.0
2004.02.15.01.22.39,0.9998292922973632,983.0,983.0,983.0
2004.02.15.01.32.39,0.999817192554474,983.0,983.0,983.0
2004.02.15.01.42.39,0.9998115301132202,983.0,983.0,983.0
2004.02.15.01.52.39,0.9998168349266052,983.0,983.0,983.0
2004.02.15.02.02.39,0.99983412027359,983.0,983.0,983.0
2004.02.15.02.12.39,0.9998595714569092,983.0,983.0,983.0
2004.02.15.02.22.39,0.9998852014541626,983.0,983.0,983.0
2004.02.15.02.32.39,0.9999011158943176,983.0,983.0,983.0
2004.02.15.02.42.39,0.9998986721038818,983.0,983.0,983.0
2004.02.15.02.52.39,0.9998719692230223,983.0,983.0,983.0
2004.02.15.03.02.39,0.9998189806938172,983.0,983.0,983.0
2004.02.15.03.12.39,0.9997413754463196,983.0,983.0,983.0
2004.02.15.03.22.39,0.9996452331542968,983.0,983.0,983.0
2004.02.15.03.32.39,0.9995408654212952,983.0,983.0,983.0
2004.02.15.03.42.39,0.9994430541992188,983.0,983.0,983.0
2004.02.15.03.52.39,0.9993680119514464,983.0,983.0,983.0
2004.02.15.04.02.39,0.9993298649787904,983.0,983.0,983.0
2004.02.15.04.12.39,0.9993357062339784,983.0,983.0,983.0
2004.02.15.04.22.39,0.9993836879730223,983.0,983.0,983.0
2004.02.15.04.32.39,0.9994639754295348,983.0,983.0,983.0
2004.02.15.04.42.39,0.999562442302704,983.0,983.0,983.0
2004.02.15.04.52.39,0.9996650218963624,983.0,983.0,983.0
2004.02.15.05.02.39,0.9997602105140686,983.0,983.0,983.0
2004.02.15.05.12.39,0.9998403191566468,983.0,983.0,983.0
2004.02.15.05.22.39,0.9999017119407654,983.0,983.0,983.0
2004.02.15.05.32.39,0.9999444484710692,983.0,983.0,983.0
2004.02.15.05.42.39,0.999971330165863,983.0,983.0,983.0
2004.02.15.05.52.39,0.9999865889549256,983.0,983.0,983.0
2004.02.15.06.02.39,0.9999942779541016,983.0,983.0,983.0
2004.02.15.06.12.39,0.9999977946281432,983.0,983.0,983.0
2004.02.15.06.22.39,0.9999991655349731,983.0,983.0,983.0
2004.02.15.06.32.39,0.999999463558197,983.0,983.0,983.0
2004.02.15.06.42.39,0.9999991655349731,983.0,983.0,983.0
2004.02.15.06.52.39,0.9999982118606568,983.0,983.0,983.0
2004.02.15.07.02.39,0.9999962449073792,983.0,983.0,983.0
2004.02.15.07.12.39,0.9999927282333374,983.0,983.0,983.0
2004.02.15.07.22.39,0.9999871850013732,983.0,983.0,983.0
2004.02.15.07.32.39,0.9999791979789734,983.0,983.0,983.0
2004.02.15.07.42.39,0.9999685287475586,983.0,983.0,983.0
2004.02.15.07.52.39,0.9999555349349976,983.0,983.0,983.0
2004.02.15.08.02.39,0.9999408721923828,983.0,983.0,983.0
2004.02.15.08.12.39,0.999926209449768,983.0,983.0,983.0
2004.02.15.08.22.39,0.9999139308929444,983.0,983.0,983.0
2004.02.15.08.32.39,0.9999067783355712,983.0,983.0,983.0
2004.02.15.08.42.39,0.9999070167541504,983.0,983.0,983.0
2004.02.15.08.52.39,0.9999151229858398,983.0,983.0,983.0
2004.02.15.09.02.39,0.9999294877052308,983.0,983.0,983.0
2004.02.15.09.12.39,0.9999467134475708,983.0,983.0,983.0
2004.02.15.09.22.39,0.9999631643295288,983.0,983.0,983.0
2004.02.15.09.32.39,0.9999759197235109,983.0,983.0,983.0
2004.02.15.09.42.39,0.9999834895133972,983.0,983.0,983.0
2004.02.15.09.52.39,0.9999849796295166,983.0,983.0,983.0
2004.02.15.10.02.39,0.999979853630066,983.0,983.0,983.0
2004.02.15.10.12.39,0.9999672770500184,983.0,983.0,983.0
2004.02.15.10.22.39,0.9999465346336364,983.0,983.0,983.0
2004.02.15.10.32.39,0.999917447566986,983.0,983.0,983.0
2004.02.15.10.42.39,0.9998809695243835,983.0,983.0,983.0
2004.02.15.10.52.39,0.9998396635055542,983.0,983.0,983.0
2004.02.15.11.02.39,0.9997975826263428,983.0,983.0,983.0
2004.02.15.11.12.39,0.9997602701187134,983.0,983.0,983.0
2004.02.15.11.22.39,0.9997333288192748,983.0,983.0,983.0
2004.02.15.11.32.39,0.9997202754020692,983.0,983.0,983.0
2004.02.15.11.42.39,0.9997196197509766,983.0,983.0,983.0
2004.02.15.11.52.39,0.9997236132621764,983.0,983.0,983.0
2004.02.15.12.02.39,0.9997199773788452,983.0,983.0,983.0
2004.02.15.12.12.39,0.9996975064277648,983.0,983.0,983.0
2004.02.15.12.22.39,0.999652087688446,983.0,983.0,983.0
2004.02.15.12.32.39,0.9995896220207214,983.0,983.0,983.0
2004.02.15.12.42.39,0.9995229840278624,983.0,983.0,983.0
2004.02.15.12.52.39,0.9994641542434692,983.0,983.0,983.0
2004.02.15.13.02.39,0.9994170665740968,983.0,983.0,983.0
2004.02.15.13.12.39,0.9993749260902404,983.0,983.0,983.0
2004.02.15.13.22.39,0.9993250966072084,983.0,983.0,983.0
2004.02.15.13.32.39,0.9992581605911256,983.0,983.0,983.0
2004.02.15.13.42.39,0.9991743564605712,983.0,983.0,983.0
2004.02.15.13.52.39,0.9990839958190918,983.0,983.0,983.0
2004.02.15.14.02.39,0.9990004301071168,983.0,983.0,983.0
2004.02.15.14.12.39,0.9989326596260072,983.0,983.0,983.0
2004.02.15.14.22.39,0.9988812804222108,983.0,983.0,983.0
2004.02.15.14.32.39,0.9988423585891724,983.0,983.0,983.0
2004.02.15.14.42.39,0.9988157749176024,983.0,983.0,983.0
2004.02.15.14.52.39,0.998810052871704,983.0,983.0,983.0
2004.02.15.15.02.39,0.9988408088684082,983.0,983.0,983.0
2004.02.15.15.12.39,0.9989213943481444,983.0,983.0,983.0
2004.02.15.15.22.39,0.9990533590316772,983.0,983.0,983.0
2004.02.15.15.32.39,0.9992223381996156,983.0,983.0,983.0
2004.02.15.15.42.39,0.999402105808258,983.0,983.0,983.0
2004.02.15.15.52.39,0.999564528465271,983.0,983.0,983.0
2004.02.15.16.02.39,0.9996888041496276,983.0,983.0,983.0
2004.02.15.16.12.39,0.9997664093971252,983.0,983.0,983.0
2004.02.15.16.22.39,0.9998000264167786,983.0,983.0,983.0
2004.02.15.16.32.39,0.9997988343238832,983.0,983.0,983.0
2004.02.15.16.42.39,0.999774158000946,983.0,983.0,983.0
2004.02.15.16.52.39,0.9997378587722778,983.0,983.0,983.0
2004.02.15.17.02.39,0.9997017979621888,983.0,983.0,983.0
2004.02.15.17.12.39,0.9996775388717652,983.0,983.0,983.0
2004.02.15.17.22.39,0.9996745586395264,983.0,983.0,983.0
2004.02.15.17.32.39,0.9996967911720276,983.0,983.0,983.0
2004.02.15.17.42.39,0.9997411966323853,983.0,983.0,983.0
2004.02.15.17.52.39,0.9997984766960144,983.0,983.0,983.0
2004.02.15.18.02.39,0.9998573660850524,983.0,983.0,983.0
2004.02.15.18.12.39,0.9999079704284668,983.0,983.0,983.0
2004.02.15.18.22.39,0.9999448657035828,983.0,983.0,983.0
2004.02.15.18.32.39,0.999966561794281,983.0,983.0,983.0
2004.02.15.18.42.39,0.9999735355377196,983.0,983.0,983.0
2004.02.15.18.52.39,0.9999667406082152,983.0,983.0,983.0
2004.02.15.19.02.39,0.9999465346336364,983.0,983.0,983.0
2004.02.15.19.12.39,0.99991375207901,983.0,983.0,983.0
2004.02.15.19.22.39,0.9998714923858644,983.0,983.0,983.0
2004.02.15.19.32.39,0.9998258948326112,983.0,983.0,983.0
2004.02.15.19.42.39,0.9997851252555848,983.0,983.0,983.0
2004.02.15.19.52.39,0.9997560381889344,983.0,983.0,983.0
2004.02.15.20.02.39,0.9997414946556092,983.0,983.0,983.0
2004.02.15.20.12.39,0.9997392892837524,983.0,983.0,983.0
2004.02.15.20.22.39,0.9997439980506896,983.0,983.0,983.0
2004.02.15.20.32.39,0.9997498989105223,983.0,983.0,983.0
2004.02.15.20.42.39,0.9997535943984984,983.0,983.0,983.0
2004.02.15.20.52.39,0.9997546076774596,983.0,983.0,983.0
2004.02.15.21.02.39,0.9997541308403016,983.0,983.0,983.0
2004.02.15.21.12.39,0.999753475189209,983.0,983.0,983.0
2004.02.15.21.22.39,0.9997513890266418,983.0,983.0,983.0
2004.02.15.21.32.39,0.9997425079345704,983.0,983.0,983.0
2004.02.15.21.42.39,0.9997170567512512,983.0,983.0,983.0
2004.02.15.21.52.39,0.9996641278266908,983.0,983.0,983.0
2004.02.15.22.02.39,0.9995762705802916,983.0,983.0,983.0
2004.02.15.22.12.39,0.9994535446166992,983.0,983.0,983.0
2004.02.15.22.22.39,0.9993050694465636,983.0,983.0,983.0
2004.02.15.22.32.39,0.9991467595100404,983.0,983.0,983.0
2004.02.15.22.42.39,0.9989966154098512,983.0,983.0,983.0
2004.02.15.22.52.39,0.9988691806793212,983.0,983.0,983.0
2004.02.15.23.02.39,0.9987717866897584,983.0,983.0,983.0
2004.02.15.23.12.39,0.9987043738365172,983.0,983.0,983.0
2004.02.15.23.22.39,0.9986635446548462,983.0,983.0,983.0
2004.02.15.23.32.39,0.9986491799354552,983.0,983.0,983.0
2004.02.15.23.42.39,0.9986674785614014,983.0,983.0,983.0
2004.02.15.23.52.39,0.9987272620201112,983.0,983.0,983.0
2004.02.16.00.02.39,0.9988305568695068,983.0,983.0,983.0
2004.02.16.00.12.39,0.9989648461341858,983.0,983.0,983.0
2004.02.16.00.22.39,0.9991028308868408,983.0,983.0,983.0
2004.02.16.00.32.39,0.9992103576660156,983.0,983.0,983.0
2004.02.16.00.42.39,0.9992579817771912,983.0,983.0,983.0
2004.02.16.00.52.39,0.9992283582687378,983.0,983.0,983.0
2004.02.16.01.02.39,0.9991205334663392,983.0,983.0,983.0
2004.02.16.01.12.39,0.9989486336708068,983.0,983.0,983.0
2004.02.16.01.22.39,0.9987409710884094,983.0,983.0,983.0
2004.02.16.01.32.39,0.9985350966453552,983.0,983.0,983.0
2004.02.16.01.42.39,0.998368501663208,983.0,983.0,983.0
2004.02.16.01.52.39,0.998263657093048,983.0,983.0,983.0
2004.02.16.02.02.39,0.9982122778892516,983.0,983.0,983.0
2004.02.16.02.12.39,0.9981668591499328,983.0,983.0,983.0
2004.02.16.02.22.39,0.9980478882789612,983.0,983.0,983.0
2004.02.16.02.32.39,0.9977654814720154,983.0,983.0,983.0
2004.02.16.02.42.39,0.9972509145736694,983.0,983.0,983.0
2004.02.16.02.52.39,0.9964849352836608,983.0,983.0,983.0
2004.02.16.03.02.39,0.9955111742019652,983.0,983.0,983.0
2004.02.16.03.12.39,0.9944259524345398,983.0,983.0,983.0
2004.02.16.03.22.39,0.993348240852356,983.0,983.0,983.0
2004.02.16.03.32.39,0.9923830032348632,983.0,983.0,983.0
2004.02.16.03.42.39,0.9915949106216432,983.0,983.0,983.0
2004.02.16.03.52.39,0.9910020232200624,983.0,983.0,983.0
2004.02.16.04.02.39,0.9905855059623718,983.0,983.0,983.0
2004.02.16.04.12.39,0.9903023838996888,983.0,983.0,983.0
2004.02.16.04.22.39,0.9900962114334106,983.0,983.0,983.0
2004.02.16.04.32.39,0.989905834197998,983.0,983.0,983.0
2004.02.16.04.42.39,0.9896783232688904,983.0,983.0,983.0
2004.02.16.04.52.39,0.9893818497657776,983.0,983.0,983.0
2004.02.16.05.02.39,0.9890121817588806,983.0,983.0,983.0
2004.02.16.05.12.39,0.9885883331298828,983.0,983.0,983.0
2004.02.16.05.22.39,0.988140881061554,983.0,983.0,983.0
2004.02.16.05.32.39,0.9877013564109802,983.0,983.0,983.0
2004.02.16.05.42.39,0.9872965812683104,983.0,983.0,983.0
2004.02.16.05.52.39,0.9869459867477416,983.0,983.0,983.0
2004.02.16.06.02.39,0.9866576194763184,983.0,983.0,983.0
2004.02.16.06.12.39,0.9864237308502196,983.0,983.0,983.0
2004.02.16.06.22.39,0.986221730709076,983.0,983.0,983.0
2004.02.16.06.32.39,0.9860244393348694,983.0,983.0,983.0
2004.02.16.06.42.39,0.9858129620552064,983.0,983.0,983.0
2004.02.16.06.52.39,0.9855851531028748,983.0,983.0,983.0
2004.02.16.07.02.39,0.9853527545928956,983.0,983.0,983.0
2004.02.16.07.12.39,0.9851320385932922,983.0,983.0,983.0
2004.02.16.07.22.39,0.9849354028701782,983.0,983.0,983.0
2004.02.16.07.32.39,0.9847701787948608,983.0,983.0,983.0
2004.02.16.07.42.39,0.9846408367156982,983.0,983.0,983.0
2004.02.16.07.52.39,0.9845518469810486,983.0,983.0,983.0
2004.02.16.08.02.39,0.984505295753479,983.0,983.0,983.0
2004.02.16.08.12.39,0.9844968914985656,983.0,983.0,983.0
2004.02.16.08.22.39,0.9845136404037476,983.0,983.0,983.0
2004.02.16.08.32.39,0.9845338463783264,983.0,983.0,983.0
2004.02.16.08.42.39,0.984530746936798,983.0,983.0,983.0
2004.02.16.08.52.39,0.9844781756401062,983.0,983.0,983.0
2004.02.16.09.02.39,0.9843586087226868,983.0,983.0,983.0
2004.02.16.09.12.39,0.9841706156730652,983.0,983.0,983.0
2004.02.16.09.22.39,0.9839310646057128,983.0,983.0,983.0
2004.02.16.09.32.39,0.9836698174476624,983.0,983.0,983.0
2004.02.16.09.42.39,0.9834163188934326,983.0,983.0,983.0
2004.02.16.09.52.39,0.9831867814064026,983.0,983.0,983.0
2004.02.16.10.02.39,0.9829763174057008,983.0,983.0,983.0
2004.02.16.10.12.39,0.9827632904052734,983.0,983.0,983.0
2004.02.16.10.22.39,0.9825201630592346,983.0,983.0,983.0
2004.02.16.10.32.39,0.9822275638580322,983.0,983.0,983.0
2004.02.16.10.42.39,0.9818840622901917,983.0,983.0,983.0
2004.02.16.10.52.39,0.981509804725647,983.0,983.0,983.0
2004.02.16.11.02.39,0.981139600276947,983.0,983.0,983.0
2004.02.16.11.12.39,0.9808107018470764,983.0,983.0,983.0
2004.02.16.11.22.39,0.980549156665802,983.0,983.0,983.0
2004.02.16.11.32.39,0.9803616404533386,983.0,983.0,983.0
2004.02.16.11.42.39,0.980236291885376,983.0,983.0,983.0
2004.02.16.11.52.39,0.9801516532897948,983.0,983.0,983.0
2004.02.16.12.02.39,0.9800888299942015,983.0,983.0,983.0
2004.02.16.12.12.39,0.9800391793251038,983.0,983.0,983.0
2004.02.16.12.22.39,0.9800028800964355,983.0,983.0,983.0
2004.02.16.12.32.39,0.979980170726776,983.0,983.0,983.0
2004.02.16.12.42.39,0.9799630045890808,983.0,983.0,983.0
2004.02.16.12.52.39,0.9799344539642334,983.0,983.0,983.0
2004.02.16.13.02.39,0.9798760414123536,983.0,983.0,983.0
2004.02.16.13.12.39,0.9797791242599488,983.0,983.0,983.0
2004.02.16.13.22.39,0.97965008020401,983.0,983.0,983.0
2004.02.16.13.32.39,0.9795057773590088,983.0,983.0,983.0
2004.02.16.13.42.39,0.979361057281494,983.0,983.0,983.0
2004.02.16.13.52.39,0.979217767715454,983.0,983.0,983.0
2004.02.16.14.02.39,0.979062795639038,983.0,983.0,983.0
2004.02.16.14.12.39,0.978875458240509,983.0,983.0,983.0
2004.02.16.14.22.39,0.9786390662193298,983.0,983.0,983.0
2004.02.16.14.32.39,0.9783481359481812,983.0,983.0,983.0
2004.02.16.14.42.39,0.9780068397521972,983.0,983.0,983.0
2004.02.16.14.52.39,0.9776214361190796,983.0,983.0,983.0
2004.02.16.15.02.39,0.9771935343742372,983.0,983.0,983.0
2004.02.16.15.12.39,0.9767205715179444,983.0,983.0,983.0
2004.02.16.15.22.39,0.976202130317688,983.0,983.0,983.0
2004.02.16.15.32.39,0.9756478667259216,983.0,983.0,983.0
2004.02.16.15.42.39,0.9750798344612122,983.0,983.0,983.0
2004.02.16.15.52.39,0.9745280742645264,983.0,983.0,983.0
2004.02.16.16.02.39,0.9740219116210938,983.0,983.0,983.0
2004.02.16.16.12.39,0.9735824465751648,983.0,983.0,983.0
2004.02.16.16.22.39,0.9732211828231812,983.0,983.0,983.0
2004.02.16.16.32.39,0.9729436039924622,983.0,983.0,983.0
2004.02.16.16.42.39,0.9727540016174316,983.0,983.0,983.0
2004.02.16.16.52.39,0.972654104232788,983.0,983.0,983.0
2004.02.16.17.02.39,0.9726355671882628,983.0,983.0,983.0
2004.02.16.17.12.39,0.972672700881958,983.0,983.0,983.0
2004.02.16.17.22.39,0.9727219343185424,983.0,983.0,983.0
2004.02.16.17.32.39,0.972733438014984,983.0,983.0,983.0
2004.02.16.17.42.39,0.9726693630218506,983.0,983.0,983.0
2004.02.16.17.52.39,0.9725199341773988,983.0,983.0,983.0
2004.02.16.18.02.39,0.9723066091537476,983.0,983.0,983.0
2004.02.16.18.12.39,0.9720726609230042,983.0,983.0,983.0
2004.02.16.18.22.39,0.9718661308288574,983.0,983.0,983.0
2004.02.16.18.32.39,0.9717236757278442,983.0,983.0,983.0
2004.02.16.18.42.39,0.971660852432251,983.0,983.0,983.0
2004.02.16.18.52.39,0.9716694951057434,983.0,983.0,983.0
2004.02.16.19.02.39,0.9717226624488832,983.0,983.0,983.0
2004.02.16.19.12.39,0.9717844724655152,983.0,983.0,983.0
2004.02.16.19.22.39,0.9718225598335266,983.0,983.0,983.0
2004.02.16.19.32.39,0.9718162417411804,983.0,983.0,983.0
2004.02.16.19.42.39,0.9717580080032348,983.0,983.0,983.0
2004.02.16.19.52.39,0.971648097038269,983.0,983.0,983.0
2004.02.16.20.02.39,0.9714874625205994,983.0,983.0,983.0
2004.02.16.20.12.39,0.9712746739387512,983.0,983.0,983.0
2004.02.16.20.22.39,0.9710062742233276,983.0,983.0,983.0
2004.02.16.20.32.39,0.9706810712814332,983.0,983.0,983.0
2004.02.16.20.42.39,0.9703028202056884,983.0,983.0,983.0
2004.02.16.20.52.39,0.9698823690414428,983.0,983.0,983.0
2004.02.16.21.02.39,0.9694361686706544,983.0,983.0,983.0
2004.02.16.21.12.39,0.9689774513244628,983.0,983.0,983.0
2004.02.16.21.22.39,0.9684988856315612,983.0,983.0,983.0
2004.02.16.21.32.39,0.9679574370384216,983.0,983.0,983.0
2004.02.16.21.42.39,0.9672764539718628,983.0,983.0,983.0
2004.02.16.21.52.39,0.9663735628128052,983.0,983.0,983.0
2004.02.16.22.02.39,0.965206503868103,983.0,983.0,983.0
2004.02.16.22.12.39,0.9638109803199768,983.0,983.0,983.0
2004.02.16.22.22.39,0.9623050689697266,983.0,983.0,983.0
2004.02.16.22.32.39,0.9608532786369324,983.0,983.0,983.0
2004.02.16.22.42.39,0.9596089720726012,983.0,983.0,983.0
2004.02.16.22.52.39,0.9586656093597412,983.0,983.0,983.0
2004.02.16.23.02.39,0.958038568496704,983.0,983.0,983.0
2004.02.16.23.12.39,0.9576793909072876,983.0,983.0,983.0
2004.02.16.23.22.39,0.9575071930885316,983.0,983.0,983.0
2004.02.16.23.32.39,0.9574397802352904,983.0,983.0,983.0
2004.02.16.23.42.39,0.9574126601219176,983.0,983.0,983.0
2004.02.16.23.52.39,0.9573858380317688,983.0,983.0,983.0
2004.02.17.00.02.39,0.9573413133621216,983.0,983.0,983.0
2004.02.17.00.12.39,0.9572778344154358,983.0,983.0,983.0
2004.02.17.00.22.39,0.9572046995162964,983.0,983.0,983.0
2004.02.17.00.32.39,0.9571359157562256,983.0,983.0,983.0
2004.02.17.00.42.39,0.9570851922035216,983.0,983.0,983.0
2004.02.17.00.52.39,0.9570611119270324,983.0,983.0,983.0
2004.02.17.01.02.39,0.9570667147636414,983.0,983.0,983.0
2004.02.17.01.12.39,0.9571012258529664,983.0,983.0,983.0
2004.02.17.01.22.39,0.9571651816368104,983.0,983.0,983.0
2004.02.17.01.32.39,0.9572645425796508,983.0,983.0,983.0
2004.02.17.01.42.39,0.9574109315872192,983.0,983.0,983.0
2004.02.17.01.52.39,0.9576171040534972,983.0,983.0,983.0
2004.02.17.02.02.39,0.957889437675476,983.0,983.0,983.0
2004.02.17.02.12.39,0.9582169651985168,983.0,983.0,983.0
2004.02.17.02.22.39,0.9585657715797424,983.0,983.0,983.0
2004.02.17.02.32.39,0.9588831067085266,983.0,983.0,983.0
2004.02.17.02.42.39,0.9591148495674132,983.0,983.0,983.0
2004.02.17.02.52.39,0.959227740764618,983.0,983.0,983.0
2004.02.17.03.02.39,0.9592225551605223,983.0,983.0,983.0
2004.02.17.03.12.39,0.9591289162635804,983.0,983.0,983.0
2004.02.17.03.22.39,0.958986222743988,983.0,983.0,983.0
2004.02.17.03.32.39,0.958821415901184,983.0,983.0,983.0
2004.02.17.03.42.39,0.9586377143859864,983.0,983.0,983.0
2004.02.17.03.52.39,0.9584205746650696,983.0,983.0,983.0
2004.02.17.04.02.39,0.9581537842750548,983.0,983.0,983.0
2004.02.17.04.12.39,0.9578365087509156,983.0,983.0,983.0
2004.02.17.04.22.39,0.9574905037879944,983.0,983.0,983.0
2004.02.17.04.32.39,0.9571533203125,983.0,983.0,983.0
2004.02.17.04.42.39,0.9568609595298768,983.0,983.0,983.0
2004.02.17.04.52.39,0.956628680229187,983.0,983.0,983.0
2004.02.17.05.02.39,0.9564423561096193,983.0,983.0,983.0
2004.02.17.05.12.39,0.95626562833786,983.0,983.0,983.0
2004.02.17.05.22.39,0.956059992313385,983.0,983.0,983.0
2004.02.17.05.32.39,0.955800235271454,983.0,983.0,983.0
2004.02.17.05.42.39,0.9554791450500488,983.0,983.0,983.0
2004.02.17.05.52.39,0.9550827145576476,983.0,983.0,983.0
2004.02.17.06.02.39,0.9545496106147766,983.0,983.0,983.0
2004.02.17.06.12.39,0.9537221789360046,983.0,983.0,983.0
2004.02.17.06.22.39,0.9523041248321532,983.0,983.0,983.0
2004.02.17.06.32.39,0.949847400188446,983.0,983.0,983.0
2004.02.17.06.42.39,0.9457961320877076,983.0,983.0,983.0
2004.02.17.06.52.39,0.9396175146102904,983.0,983.0,983.0
2004.02.17.07.02.39,0.9310156106948853,983.0,983.0,983.0
2004.02.17.07.12.39,0.9201536774635316,983.0,983.0,983.0
2004.02.17.07.22.39,0.9077638387680054,983.0,983.0,983.0
2004.02.17.07.32.39,0.8950374722480774,983.0,983.0,983.0
2004.02.17.07.42.39,0.883301854133606,983.0,983.0,983.0
2004.02.17.07.52.39,0.8736227750778198,983.0,983.0,983.0
2004.02.17.08.02.39,0.8665223121643066,278.4922200004503,266.35014000043066,983.0
2004.02.17.08.12.39,0.861935019493103,278.4922200004503,266.35014000043066,983.0
2004.02.17.08.22.39,0.8593788743019104,278.4922200004503,266.35014000043066,983.0
2004.02.17.08.32.39,0.8582185506820679,278.4922200004503,266.35014000043066,983.0
2004.02.17.08.42.39,0.8578857183456421,278.4922200004503,266.35014000043066,983.0
2004.02.17.08.52.39,0.8579890131950378,136.49584000084997,128.86768000080247,144.211680000898
2004.02.17.09.02.39,0.8583188056945801,136.49584000084997,128.86768000080247,144.211680000898
2004.02.17.09.12.39,0.8587934970855713,136.49584000084997,128.86768000080247,144.211680000898
2004.02.17.09.22.39,0.8593913316726685,136.49584000084997,128.86768000080247,144.211680000898
2004.02.17.09.32.39,0.8601000308990479,136.49584000084997,128.86768000080247,144.211680000898
2004.02.17.09.42.39,0.8608903288841248,104.0814799989464,99.08883999899695,109.12791999889532
2004.02.17.09.52.39,0.8617116212844849,104.0814799989464,99.08883999899695,109.12791999889532
2004.02.17.10.02.39,0.8625074028968811,104.0814799989464,99.08883999899695,109.12791999889532
2004.02.17.10.12.39,0.8632283806800842,104.0814799989464,99.08883999899695,109.12791999889532
2004.02.17.10.22.39,0.8638390898704529,104.0814799989464,99.08883999899695,109.12791999889532
2004.02.17.10.32.39,0.8643139004707336,106.58735999940734,100.64735999944037,112.59599999937393
2004.02.17.10.42.39,0.8646347522735596,106.58735999940734,100.64735999944037,112.59599999937393
2004.02.17.10.52.39,0.8647976517677307,106.58735999940734,100.64735999944037,112.59599999937393
2004.02.17.11.02.39,0.8648301959037781,106.58735999940734,100.64735999944037,112.59599999937393
2004.02.17.11.12.39,0.8648042678833008,106.58735999940734,100.64735999944037,112.59599999937393
2004.02.17.11.22.39,0.8648337721824646,157.44609999987063,146.8788999998793,168.1738799998618
2004.02.17.11.32.39,0.8650515079498291,157.44609999987063,146.8788999998793,168.1738799998618
2004.02.17.11.42.39,0.865575909614563,157.44609999987063,146.8788999998793,168.1738799998618
2004.02.17.11.52.39,0.8664835691452026,157.44609999987063,146.8788999998793,168.1738799998618
2004.02.17.12.02.39,0.867797315120697,157.44609999987063,146.8788999998793,168.1738799998618
2004.02.17.12.12.39,0.8694879412651062,983.0,983.0,983.0
2004.02.17.12.22.39,0.8714893460273743,983.0,983.0,983.0
2004.02.17.12.32.39,0.8737225532531738,983.0,983.0,983.0
2004.02.17.12.42.39,0.8761214017868042,983.0,983.0,983.0
2004.02.17.12.52.39,0.8786470293998718,983.0,983.0,983.0
2004.02.17.13.02.39,0.8812811374664307,983.0,983.0,983.0
2004.02.17.13.12.39,0.8840011358261108,983.0,983.0,983.0
2004.02.17.13.22.39,0.8867568373680115,983.0,983.0,983.0
2004.02.17.13.32.39,0.8894672393798828,983.0,983.0,983.0
2004.02.17.13.42.39,0.8920422792434692,983.0,983.0,983.0
2004.02.17.13.52.39,0.8944116830825806,983.0,983.0,983.0
2004.02.17.14.02.39,0.8965375423431396,983.0,983.0,983.0
2004.02.17.14.12.39,0.898408055305481,983.0,983.0,983.0
2004.02.17.14.22.39,0.9000252485275269,983.0,983.0,983.0
2004.02.17.14.32.39,0.9014010429382324,983.0,983.0,983.0
2004.02.17.14.42.39,0.9025648832321168,983.0,983.0,983.0
2004.02.17.14.52.39,0.9035674929618835,983.0,983.0,983.0
2004.02.17.15.02.39,0.9044784307479858,983.0,983.0,983.0
2004.02.17.15.12.39,0.9053773283958436,983.0,983.0,983.0
2004.02.17.15.22.39,0.9063485264778136,983.0,983.0,983.0
2004.02.17.15.32.39,0.907478928565979,983.0,983.0,983.0
2004.02.17.15.42.39,0.9088512659072876,983.0,983.0,983.0
2004.02.17.15.52.39,0.9105309844017028,983.0,983.0,983.0
2004.02.17.16.02.39,0.912546694278717,983.0,983.0,983.0
2004.02.17.16.12.39,0.914878785610199,983.0,983.0,983.0
2004.02.17.16.22.39,0.9174634218215942,983.0,983.0,983.0
2004.02.17.16.32.39,0.9202121496200562,983.0,983.0,983.0
2004.02.17.16.42.39,0.9230406880378724,983.0,983.0,983.0
2004.02.17.16.52.39,0.9258907437324524,983.0,983.0,983.0
2004.02.17.17.02.39,0.9287351965904236,983.0,983.0,983.0
2004.02.17.17.12.39,0.9315630793571472,983.0,983.0,983.0
2004.02.17.17.22.39,0.9343571066856384,983.0,983.0,983.0
2004.02.17.17.32.39,0.9370762705802916,983.0,983.0,983.0
2004.02.17.17.42.39,0.9396569132804872,983.0,983.0,983.0
2004.02.17.17.52.39,0.9420284032821656,983.0,983.0,983.0
2004.02.17.18.02.39,0.9441388845443726,983.0,983.0,983.0
2004.02.17.18.12.39,0.9459741115570068,983.0,983.0,983.0
2004.02.17.18.22.39,0.9475619792938232,983.0,983.0,983.0
2004.02.17.18.32.39,0.9489601850509644,983.0,983.0,983.0
2004.02.17.18.42.39,0.9502333402633668,983.0,983.0,983.0
2004.02.17.18.52.39,0.9514302611351012,983.0,983.0,983.0
2004.02.17.19.02.39,0.9525738954544068,983.0,983.0,983.0
2004.02.17.19.12.39,0.9536645412445068,983.0,983.0,983.0
2004.02.17.19.22.39,0.9546942710876464,983.0,983.0,983.0
2004.02.17.19.32.39,0.9556618332862854,983.0,983.0,983.0
2004.02.17.19.42.39,0.956582248210907,983.0,983.0,983.0
2004.02.17.19.52.39,0.9574834704399108,983.0,983.0,983.0
2004.02.17.20.02.39,0.9583932757377625,983.0,983.0,983.0
2004.02.17.20.12.39,0.9593222737312316,983.0,983.0,983.0
2004.02.17.20.22.39,0.9602532386779784,983.0,983.0,983.0
2004.02.17.20.32.39,0.9611442685127258,983.0,983.0,983.0
2004.02.17.20.42.39,0.9619424343109132,983.0,983.0,983.0
2004.02.17.20.52.39,0.962601602077484,983.0,983.0,983.0
2004.02.17.21.02.39,0.9630936980247498,983.0,983.0,983.0
2004.02.17.21.12.39,0.9634113311767578,983.0,983.0,983.0
2004.02.17.21.22.39,0.9635637998580932,983.0,983.0,983.0
2004.02.17.21.32.39,0.9635688066482544,983.0,983.0,983.0
2004.02.17.21.42.39,0.963443398475647,983.0,983.0,983.0
2004.02.17.21.52.39,0.9631972312927246,983.0,983.0,983.0
2004.02.17.22.02.39,0.962831437587738,983.0,983.0,983.0
2004.02.17.22.12.39,0.9623461961746216,983.0,983.0,983.0
2004.02.17.22.22.39,0.9617539644241332,983.0,983.0,983.0
2004.02.17.22.32.39,0.9610877633094788,983.0,983.0,983.0
2004.02.17.22.42.39,0.96039879322052,983.0,983.0,983.0
2004.02.17.22.52.39,0.9597398042678832,983.0,983.0,983.0
2004.02.17.23.02.39,0.9591453075408936,983.0,983.0,983.0
2004.02.17.23.12.39,0.9586184024810792,983.0,983.0,983.0
2004.02.17.23.22.39,0.9581335186958312,983.0,983.0,983.0
2004.02.17.23.32.39,0.9576509594917296,983.0,983.0,983.0
2004.02.17.23.42.39,0.9571349024772644,983.0,983.0,983.0
2004.02.17.23.52.39,0.9565637111663818,983.0,983.0,983.0
2004.02.18.00.02.39,0.9559321999549866,983.0,983.0,983.0
2004.02.18.00.12.39,0.9552473425865172,983.0,983.0,983.0
2004.02.18.00.22.39,0.9545271992683412,983.0,983.0,983.0
2004.02.18.00.32.39,0.9538004994392396,983.0,983.0,983.0
2004.02.18.00.42.39,0.9531055688858032,983.0,983.0,983.0
2004.02.18.00.52.39,0.952484667301178,983.0,983.0,983.0
2004.02.18.01.02.39,0.9519733786582948,983.0,983.0,983.0
2004.02.18.01.12.39,0.9515892267227172,983.0,983.0,983.0
2004.02.18.01.22.39,0.9513249397277832,983.0,983.0,983.0
2004.02.18.01.32.39,0.9511483907699584,983.0,983.0,983.0
2004.02.18.01.42.39,0.9510082006454468,983.0,983.0,983.0
2004.02.18.01.52.39,0.950846791267395,983.0,983.0,983.0
2004.02.18.02.02.39,0.9506067633628844,983.0,983.0,983.0
2004.02.18.02.12.39,0.9502336382865906,983.0,983.0,983.0
2004.02.18.02.22.39,0.9496673941612244,983.0,983.0,983.0
2004.02.18.02.32.39,0.9488214254379272,983.0,983.0,983.0
2004.02.18.02.42.39,0.9475618600845336,983.0,983.0,983.0
2004.02.18.02.52.39,0.9457025527954102,983.0,983.0,983.0
2004.02.18.03.02.39,0.94303560256958,983.0,983.0,983.0
2004.02.18.03.12.39,0.939406394958496,983.0,983.0,983.0
2004.02.18.03.22.39,0.9348061084747314,983.0,983.0,983.0
2004.02.18.03.32.39,0.929434061050415,983.0,983.0,983.0
2004.02.18.03.42.39,0.9236779808998108,983.0,983.0,983.0
2004.02.18.03.52.39,0.9180049896240234,983.0,983.0,983.0
2004.02.18.04.02.39,0.9128118753433228,983.0,983.0,983.0
2004.02.18.04.12.39,0.9083120226860046,983.0,983.0,983.0
2004.02.18.04.22.39,0.9045087695121764,983.0,983.0,983.0
2004.02.18.04.32.39,0.9012502431869508,983.0,983.0,983.0
2004.02.18.04.42.39,0.898319661617279,983.0,983.0,983.0
2004.02.18.04.52.39,0.8955144286155701,983.0,983.0,983.0
2004.02.18.05.02.39,0.8926910161972046,983.0,983.0,983.0
2004.02.18.05.12.39,0.889780580997467,983.0,983.0,983.0
2004.02.18.05.22.39,0.886784553527832,983.0,983.0,983.0
2004.02.18.05.32.39,0.8837596774101257,983.0,983.0,983.0
2004.02.18.05.42.39,0.8807953596115112,983.0,983.0,983.0
2004.02.18.05.52.39,0.877987265586853,983.0,983.0,983.0
2004.02.18.06.02.39,0.8754116892814636,983.0,983.0,983.0
2004.02.18.06.12.39,0.8731117248535156,983.0,983.0,983.0
2004.02.18.06.22.39,0.8710913062095642,983.0,983.0,983.0
2004.02.18.06.32.39,0.8693218231201172,983.0,983.0,983.0
2004.02.18.06.42.39,0.8677564859390259,983.0,983.0,983.0
2004.02.18.06.52.39,0.8663426637649536,983.0,983.0,983.0
2004.02.18.07.02.39,0.8650299310684204,983.0,983.0,983.0
2004.02.18.07.12.39,0.8637740015983582,983.0,983.0,983.0
2004.02.18.07.22.39,0.8625447750091553,983.0,983.0,983.0
2004.02.18.07.32.39,0.8613503575325012,983.0,983.0,983.0
2004.02.18.07.42.39,0.8602621555328369,983.0,983.0,983.0
2004.02.18.07.52.39,0.8594220876693726,983.0,983.0,983.0
2004.02.18.08.02.39,0.8590056896209717,983.0,983.0,983.0
2004.02.18.08.12.39,0.8591440320014954,983.0,983.0,983.0
2004.02.18.08.22.39,0.859846293926239,983.0,983.0,983.0
2004.02.18.08.32.39,0.8609725832939148,983.0,983.0,983.0
2004.02.18.08.42.39,0.8622860908508301,983.0,983.0,983.0
2004.02.18.08.52.39,0.8635562062263489,983.0,983.0,983.0
2004.02.18.09.02.39,0.8646498918533325,983.0,983.0,983.0
2004.02.18.09.12.39,0.8655577898025513,983.0,983.0,983.0
2004.02.18.09.22.39,0.8663493394851685,983.0,983.0,983.0
2004.02.18.09.32.39,0.8671039938926697,983.0,983.0,983.0
2004.02.18.09.42.39,0.8678752183914185,983.0,983.0,983.0
2004.02.18.09.52.39,0.8687061071395874,983.0,983.0,983.0
2004.02.18.10.02.39,0.8696689605712891,983.0,983.0,983.0
2004.02.18.10.12.39,0.870874285697937,983.0,983.0,983.0
2004.02.18.10.22.39,0.8724265098571777,983.0,983.0,983.0
2004.02.18.10.32.39,0.8743452429771423,983.0,983.0,983.0
2004.02.18.10.42.39,0.876498281955719,983.0,983.0,983.0
2004.02.18.10.52.39,0.8785927295684814,983.0,983.0,983.0
2004.02.18.11.02.39,0.8802411556243896,983.0,983.0,983.0
2004.02.18.11.12.39,0.8810862302780151,983.0,983.0,983.0
2004.02.18.11.22.39,0.8809396028518677,983.0,983.0,983.0
2004.02.18.11.32.39,0.8798803091049194,983.0,983.0,983.0
2004.02.18.11.42.39,0.878261387348175,983.0,983.0,983.0
2004.02.18.11.52.39,0.8766092658042908,983.0,983.0,983.0
2004.02.18.12.02.39,0.8754445314407349,983.0,983.0,983.0
2004.02.18.12.12.39,0.875103771686554,983.0,983.0,983.0
2004.02.18.12.22.39,0.8756445050239563,983.0,983.0,983.0
2004.02.18.12.32.39,0.8768677711486816,983.0,983.0,983.0
2004.02.18.12.42.39,0.8784327507019043,983.0,983.0,983.0
2004.02.18.12.52.39,0.8799930214881897,983.0,983.0,983.0
2004.02.18.13.02.39,0.881290078163147,983.0,983.0,983.0
2004.02.18.13.12.39,0.8821831345558167,983.0,983.0,983.0
2004.02.18.13.22.39,0.8826330304145813,983.0,983.0,983.0
2004.02.18.13.32.39,0.8826747536659241,983.0,983.0,983.0
2004.02.18.13.42.39,0.8824037313461304,983.0,983.0,983.0
2004.02.18.13.52.39,0.8819789290428162,983.0,983.0,983.0
2004.02.18.14.02.39,0.881633996963501,983.0,983.0,983.0
2004.02.18.14.12.39,0.8816786408424377,983.0,983.0,983.0
2004.02.18.14.22.39,0.882479190826416,983.0,983.0,983.0
2004.02.18.14.32.39,0.8843973278999329,983.0,983.0,983.0
2004.02.18.14.42.39,0.887687623500824,983.0,983.0,983.0
2004.02.18.14.52.39,0.8923877477645874,983.0,983.0,983.0
2004.02.18.15.02.39,0.8982533812522888,983.0,983.0,983.0
2004.02.18.15.12.39,0.9047855734825134,983.0,983.0,983.0
2004.02.18.15.22.39,0.9113439917564392,983.0,983.0,983.0
2004.02.18.15.32.39,0.9172948598861694,983.0,983.0,983.0
2004.02.18.15.42.39,0.9221228957176208,983.0,983.0,983.0
2004.02.18.15.52.39,0.9254657030105592,983.0,983.0,983.0
2004.02.18.16.02.39,0.9270796179771424,983.0,983.0,983.0
2004.02.18.16.12.39,0.926779806613922,983.0,983.0,983.0
2004.02.18.16.22.39,0.9244053363800048,983.0,983.0,983.0
2004.02.18.16.32.39,0.919841766357422,983.0,983.0,983.0
2004.02.18.16.42.39,0.9131017327308656,983.0,983.0,983.0
2004.02.18.16.52.39,0.9044260382652284,983.0,983.0,983.0
2004.02.18.17.02.39,0.8943498730659485,983.0,983.0,983.0
2004.02.18.17.12.39,0.8836901783943176,983.0,983.0,983.0
2004.02.18.17.22.39,0.8734220266342163,983.0,983.0,983.0
2004.02.18.17.32.39,0.8644756078720093,983.0,983.0,983.0
2004.02.18.17.42.39,0.8575106859207153,983.0,983.0,983.0
2004.02.18.17.52.39,0.8527504205703735,983.0,983.0,983.0
2004.02.18.18.02.39,0.8499518036842346,983.0,983.0,983.0
2004.02.18.18.12.39,0.8485354781150818,983.0,983.0,983.0
2004.02.18.18.22.39,0.8478373885154724,983.0,983.0,983.0
2004.02.18.18.32.39,0.8473628759384155,983.0,983.0,983.0
2004.02.18.18.42.39,0.8469264507293701,983.0,983.0,983.0
2004.02.18.18.52.39,0.84661465883255,983.0,983.0,983.0
2004.02.18.19.02.39,0.8466120362281799,983.0,983.0,983.0
2004.02.18.19.12.39,0.8470131158828735,983.0,983.0,983.0
2004.02.18.19.22.39,0.8477380275726318,983.0,983.0,983.0
2004.02.18.19.32.39,0.848595380783081,983.0,983.0,983.0
2004.02.18.19.42.39,0.8494305610656738,983.0,983.0,983.0
2004.02.18.19.52.39,0.8502573370933533,983.0,983.0,983.0
2004.02.18.20.02.39,0.8512746095657349,983.0,983.0,983.0
2004.02.18.20.12.39,0.852745771408081,983.0,983.0,983.0
2004.02.18.20.22.39,0.8547959923744202,983.0,983.0,983.0
2004.02.18.20.32.39,0.8572402596473694,983.0,983.0,983.0
2004.02.18.20.42.39,0.859518826007843,983.0,983.0,983.0
2004.02.18.20.52.39,0.8608037829399109,983.0,983.0,983.0
2004.02.18.21.02.39,0.8602218627929688,983.0,983.0,983.0
2004.02.18.21.12.39,0.8571028709411621,983.0,983.0,983.0
2004.02.18.21.22.39,0.8511818647384644,983.0,983.0,983.0
2004.02.18.21.32.39,0.8427295088768005,983.0,983.0,983.0
2004.02.18.21.42.39,0.8325995802879333,983.0,983.0,983.0
2004.02.18.21.52.39,0.8221886157989502,983.0,983.0,983.0
2004.02.18.22.02.39,0.8132321834564209,983.0,983.0,983.0
2004.02.18.22.12.39,0.8074150681495667,983.0,983.0,983.0
2004.02.18.22.22.39,0.8058592081069946,983.0,983.0,983.0
2004.02.18.22.32.39,0.8086972236633301,983.0,983.0,983.0
2004.02.18.22.42.39,0.8149585127830505,983.0,983.0,983.0
2004.02.18.22.52.39,0.8228566646575928,983.0,983.0,983.0
2004.02.18.23.02.39,0.8303821682929993,983.0,983.0,983.0
2004.02.18.23.12.39,0.8359602689743042,983.0,983.0,983.0
2004.02.18.23.22.39,0.8389174342155457,983.0,983.0,983.0
2004.02.18.23.32.39,0.8395740985870361,983.0,983.0,983.0
2004.02.18.23.42.39,0.838951051235199,983.0,983.0,983.0
2004.02.18.23.52.39,0.8381770253181458,983.0,983.0,983.0
2004.02.19.00.02.39,0.8378759622573853,983.0,983.0,983.0
2004.02.19.00.12.39,0.8378156423568726,983.0,983.0,983.0
2004.02.19.00.22.39,0.8370379209518433,983.0,983.0,983.0
2004.02.19.00.32.39,0.8343884348869324,983.0,983.0,983.0
2004.02.19.00.42.39,0.8291813731193542,983.0,983.0,983.0
2004.02.19.00.52.39,0.8216131329536438,983.0,983.0,983.0
2004.02.19.01.02.39,0.8126744627952576,983.0,983.0,983.0
2004.02.19.01.12.39,0.8036742210388184,983.0,983.0,983.0
2004.02.19.01.22.39,0.795661985874176,983.0,983.0,983.0
2004.02.19.01.32.39,0.7890771627426147,983.0,983.0,983.0
2004.02.19.01.42.39,0.7837438583374023,983.0,983.0,983.0
2004.02.19.01.52.39,0.779128909111023,983.0,983.0,983.0
2004.02.19.02.02.39,0.7746105194091797,983.0,983.0,983.0
2004.02.19.02.12.39,0.7696288824081421,983.0,983.0,983.0
2004.02.19.02.22.39,0.763667643070221,983.0,983.0,983.0
2004.02.19.02.32.39,0.756187915802002,983.0,983.0,983.0
2004.02.19.02.42.39,0.7465963363647461,983.0,983.0,983.0
2004.02.19.02.52.39,0.7343266010284424,983.0,983.0,983.0
2004.02.19.03.02.39,0.7190061807632446,983.0,983.0,983.0
2004.02.19.03.12.39,0.7006205916404724,983.0,983.0,983.0
2004.02.19.03.22.39,0.6794877052307129,983.0,983.0,983.0
2004.02.19.03.32.39,0.6560751795768738,983.0,983.0,983.0
2004.02.19.03.42.39,0.6307007074356079,983.0,983.0,983.0
2004.02.19.03.52.39,0.6033810377120972,983.0,983.0,983.0
2004.02.19.04.02.39,0.5738372802734375,983.0,983.0,983.0
2004.02.19.04.12.39,0.5418277978897095,983.0,983.0,983.0
2004.02.19.04.22.39,0.5075554251670837,983.0,983.0,983.0
2004.02.19.04.32.39,0.4721244871616363,983.0,983.0,983.0
2004.02.19.04.42.39,0.4377935528755188,983.0,983.0,983.0
2004.02.19.04.52.39,0.4078632295131683,983.0,983.0,983.0
2004.02.19.05.02.39,0.3863119184970855,3.992940000006456,0.00018000000000029104,983.0
2004.02.19.05.12.39,0.3772175908088684,3.992940000006456,0.00018000000000029104,983.0
2004.02.19.05.22.39,0.3842493891716003,3.992940000006456,0.00018000000000029104,983.0
2004.02.19.05.32.39,0.4098453223705292,3.992940000006456,0.00018000000000029104,983.0
2004.02.19.05.42.39,0.453899085521698,3.992940000006456,0.00018000000000029104,983.0
2004.02.19.05.52.39,0.5120447278022766,8.000000002539309e-05,8.000000002539309e-05,8.000000002539309e-05
2004.02.19.06.02.39,0.5747196674346924,8.000000002539309e-05,8.000000002539309e-05,8.000000002539309e-05
2004.02.19.06.12.39,0.6284103393554688,8.000000002539309e-05,8.000000002539309e-05,8.000000002539309e-05
2004.02.19.06.22.39,0.6595414876937866,8.000000002539309e-05,8.000000002539309e-05,8.000000002539309e-05
